User ID,Predicted User Category,Recommended News Category,Recommended Article
U4058,user_2,Tech,Microsoft's 'Smart Mirror' Can Read Your Emotions
U1118,user_1,Entertainment,'American Horror Story' Actress Rose Siggins Dead At 43
U6555,user_1,Entertainment,Kanye West's Mother's Day Gift For Kim Kardashian Is Predictably Over-The-Top
U9170,user_1,Entertainment,Bill Maher Takes On Kony 2012
U3348,user_1,Entertainment,Enrique Iglesias And Anna Kournikova Share First Photos Of Newborn Twins
U2244,user_3,Entertainment,Rotten Tomatoes Is Causing Hollywood's Latest Existential Crisis
U3022,user_3,Entertainment,What Is a 'Christian Movie' Anyway?
U5291,user_1,Entertainment,'Game Of Thrones' Sets Up The Moment You've Been Waiting For
U1945,user_3,Entertainment,Holy Joe!
U6084,user_3,Entertainment,Nick Kyrgios Wears Kobe Bryant's Jersey Before Australian Open Match
U3714,user_2,Tech,'Pokemon Go' Users Are Going To Yik Yak To Get Tips
U0498,user_2,Tech,New Clue In Search For Alien Life Seen In 'Super-Earth' Simulation
U4264,user_3,Entertainment,Louis C.K.'s 'SNL' Monologue Tells Story Of Old Lady Who Fell Down (VIDEO)
U8953,user_1,Entertainment,'Dark Tower' Debuts At No. 1 Despite Terrible Reviews
U3285,user_3,Entertainment,"Hey Kids, Michael Bay Is Bringing Us A 'Dora The Explorer' Movie"
U0969,user_2,Tech,OkCupid Profile Picture 'Experiment' Reveals How Different Online Dating Is For Women vs. Men
U0173,user_3,Entertainment,"Breitbart Boycotted Kellogg's, So Here Are Breitbart Brand Alternatives"
U9103,user_1,Entertainment,Al Franken Relives Dramatic Moment John McCain Voted No On GOP Health Care Bill
U8708,user_2,Tech,Phones And Bedrooms Just Don't Mix. I Learned That The Hard Way.
U3330,user_2,Tech,John McAfee Captured? Anti-Virus Pioneer Reportedly Captured At Mexico-Belize Border
U3257,user_1,Entertainment,The Very Fascinating Theory That Homer Simpson Is Actually A God
U1008,user_1,Entertainment,Sara Bareilles Dishes On Her Supposed Rivalry With Katy Perry
U4124,user_2,Tech,"Rats Sniff Each Other To Assert Dominance, Study Suggests"
U9836,user_2,Tech,Teach a Kid Functional Programming and You Feed Her for a Lifetime
U2898,user_1,Entertainment,"Tupperware, Shtupperware"
U4765,user_1,Entertainment,Trump Takes Quick Break From Debate To Note He Should Have Won Emmy
U2663,user_2,Tech,The Coolest Job You Probably Didn't Even Know Existed
U4905,user_3,Entertainment,17 Grandparents Who Have This Whole Life Thing Figured Out
U0669,user_3,Entertainment,Eric Church Gets COVID-19 Vaccine Shot For Billboard Magazine's Cover
U0607,user_2,Tech,Scientists In Last-Minute Scramble To Save Environmental Data Before Trump Takes Over
U1623,user_1,Entertainment,Weekend Box Office: Playing for Keeps Bombs as the Moviegoing World Awaits the Christmas Rush
U9607,user_3,Entertainment,Pam And Jim ’Shippers Are Coming After Jenna Fischer's New On-Screen Love
U6362,user_1,Entertainment,'Selma' Director Thanks Christmas Day Viewers
U1527,user_3,Entertainment,This 'Stranger Things' Spoof Is A Freakin' Good Summary Of Season 1
U1000,user_3,Entertainment,"50 Years Of Beatles: 'The Bigger They Are, The Harder They Fall'"
U6935,user_1,Entertainment,Flea Easily Shuts Down Clint Eastwood's 'Pussy Generation' Comment
U8493,user_3,Entertainment,How Marvel Beat DC at the Movies
U6577,user_3,Entertainment,Summer Olympics: 16 'Sports' That Should Be Included But Aren't (PHOTOS)
U8473,user_1,Entertainment,Future Dead Comedian Wants To Fight Floyd Mayweather For Charity
U7151,user_2,Tech,Spotify May Reserve Some New Music For Paying Subscribers
U9112,user_1,Entertainment,Will Smith Has The Best Response To The Oscars Controversy
U8515,user_2,Tech,That Time 'Gilmore Girls' Predicted The Future Of Online News
U8666,user_1,Entertainment,Emma Thompson Thinks There Are Many More Harvey Weinsteins In Hollywood
U4856,user_2,Tech,Hurricane Joaquin Looks Totally Surreal From Space
U4061,user_1,Entertainment,Artist Susan Sweet Talks About Painting And Living In Rural Nova Scotia
U4254,user_1,Entertainment,Selena Gomez Developing Reboot Of '80s Classic 'Working Girl'
U7040,user_1,Entertainment,10 Crazy '90s TV Moments That You Would Never See on the Small Screen Today
U1720,user_1,Entertainment,Nicki Minaj Says Eric Garner's Death Was 'Sickening'
U2202,user_2,Tech,Take A Spin Around Pluto In One Amazing Space Image
U8311,user_2,Tech,ZNGA: Zynga Stock Drops On Weak Pivot To Mobile; Loss Of Casual Gamers Turns Serious
U8058,user_1,Entertainment,Kesha Praises Gaga For 'Bringing Attention To Sexual Assault At The Oscars'
U1905,user_1,Entertainment,"On the ""A"" w/Souleo: DNA Tests Inspire New Photo Series on Race and Identity"
U4034,user_1,Entertainment,'Call Me Maybe' Lip Dub By U.S. Troops In Afghanistan (VIDEO)
U4410,user_2,Tech,Critics Eating Crow: Google+ Becomes Second Largest Social Platform
U8256,user_2,Tech,How Educators Are Starting To Embrace The Concept Of 'Good Screen Time'
U5508,user_2,Tech,"2.2-Million-Year-Old Fossil Made A Lot Of Scientists Very, Very Upset"
U7166,user_3,Entertainment,"To Explain Ellie Kemper's Brand Of Kindness, Look No Further Than St. Louis"
U1671,user_2,Tech,"In the End, We're All Entrepreneurs"
U6019,user_1,Entertainment,George And Amal Cloney Are A Vision In NYC
U8020,user_3,Entertainment,"A Holiday Song: Right-Wing Christmas (If You Can't Beat 'Em, Join 'Em)"
U1873,user_2,Tech,Super Strypi Rocket Explodes During Inaugural Flight From Hawaii
U2806,user_3,Entertainment,NFL Players Have Their Revenge Against 'Late Night With Jimmy Fallon'
U1478,user_2,Tech,NYT: Mass Surveillance Isn't The Answer To Fighting Terrorism
U8504,user_2,Tech,Odd Mars 'Flower' & Snakelike Formation Spied By NASA's Curiosity Rover (PHOTOS)
U1698,user_2,Tech,NASA Has High Hopes For Powerful New Telescope
U9223,user_1,Entertainment,Austin Swift Just Got Cast In A Movie Written By A 'Pretty Little Liar'
U0511,user_2,Tech,Reddit CEO Admits To Editing User Comments That Criticized Him
U3008,user_2,Tech,How Much This Little Guy (And Other Animals) Sleep May Shock You
U0237,user_3,Entertainment,Gillian Anderson Offered Less Money Than David Duchovny To Star In The Same Damn Show
U3600,user_2,Tech,Mark Zuckerberg Will Take 2 Months Of Paternity Leave
U7571,user_2,Tech,Psychology’s Fears Confirmed: Rechecked Studies Don’t Hold Up
U7168,user_2,Tech,Robot Uncovers Ancient Burial Chambers Beneath Teotihuacan Temple
U4313,user_2,Tech,Tim Cook Says EU Ruling On Apple's Irish Tax Is 'Total Political Crap'
U8192,user_2,Tech,Microsoft Wants To Let You Know When The Feds Are Snooping In Your Email
U4045,user_1,Entertainment,Stephen Colbert And A Cat Shredded The Second Debate From Home
U8896,user_2,Tech,Orbital Sciences' Cygnus Spacecraft Aborts First Attempt At Docking With ISS
U6964,user_2,Tech,SOLVED? Massive Magnetic Star Mystery
U0853,user_3,Entertainment,HBO Is Auctioning Off Richard Mask From 'Boardwalk Empire'
U1139,user_2,Tech,18 Habits Of Highly Creative People
U9047,user_1,Entertainment,Trump's New 'MAGA'-Themed Swimwear Sinks On Twitter
U1161,user_1,Entertainment,This Remix Of Katy Perry's 'Firework' Will Send You Back To The '80s
U1381,user_1,Entertainment,"Chris Trousdale, Former DreamStreet Star, Dies From Coronavirus At 34"
U2188,user_1,Entertainment,George Clooney Calls Out Donald Trump For Being The Real 'Hollywood Elitist'
U4177,user_2,Tech,"Big Brother, Little Brother, Social Brother"
U6676,user_1,Entertainment,Colbert Mocks ‘Kellyanne Kanye’ For His Bizarre Pro-Trump Tweetstorm
U3000,user_3,Entertainment,Bill Cosby Admitted To Drugging Women In 2005 Deposition
U5791,user_3,Entertainment,Every Batman Actor Morphed Into One Face Supposedly Looks Like Ben Affleck
U9001,user_1,Entertainment,"Hunter Hayes Believes 'If You Got A Microphone, You Got A Responsibility'"
U5131,user_3,Entertainment,Michael Keaton Ends Kent State Commencement Speech With 'I'm Batman'
U4675,user_2,Tech,"Fairies, Witches and Astronauts"
U1283,user_3,Entertainment,Jared Leto May Play The Joker In 'Suicide Squad'
U1495,user_3,Entertainment,'Bachelor In Paradise' Star Vinny Ventiera Discusses Filming After Scandal
U6767,user_2,Tech,Microsoft Is Recalling 2.3 Million Power Cords Over Safety Concerns
U5514,user_1,Entertainment,Cardi B Has Mother Of All Lines About Pregnancy On 'Tonight Show'
U2970,user_1,Entertainment,Zendaya's Oscars Dress Was Stunning. But She Made A Bigger Fashion Statement.
U9354,user_2,Tech,Is Obamacare Punishing Hospitals The Wrong Way?
U6785,user_1,Entertainment,This Paralympian With One Leg Came Up With A Genius Halloween Costume
U6305,user_3,Entertainment,"If You Really Want Inclusion, Include Yourself"
U5549,user_1,Entertainment,Rihanna Surprises Crowd At Desert Trip To Perform With Paul McCartney
U6070,user_1,Entertainment,David Beckham & 'The Secret Service': Soccer Star Reportedly Eyed For Film Role
U9277,user_2,Tech,Polar Bear Cub Sleeps And Dreams With Cuddly Toy In Adorable Clip
U1090,user_2,Tech,Ripoff Knives and Body Doubles: How Your Brain Recognizes Fakes and Impostors
U8223,user_3,Entertainment,"Yes, George Clooney Once Gifted His 14 Closest Friends $1 Million Each"
U5799,user_1,Entertainment,Why A Mom Says She Works Two Jobs To Support Her 32-Year-Old Formerly Incarcerated Drug-Using Son
U3355,user_2,Tech,Touring the YouTube Offices
U0964,user_2,Tech,Picasso Paint Mystery Solved: High-Energy X-Rays Reveal Masterpiece Created With House Paint
U6130,user_3,Entertainment,Khloe Kardashian's Rumored New Boyfriend Is R&B Singer Trey Songz
U1693,user_1,Entertainment,Donald Trump's Latest Cease-And-Desist Letter Looks Like A Big Loser
U6543,user_3,Entertainment,"Artist Spotlight With Music Producer and Performer, MartyParty"
U6949,user_1,Entertainment,Tom Brady Dresses As A Turkey To Scare His Kids On Thanksgiving
U8004,user_3,Entertainment,Eagles Of Death Metal Safe After Attack At Paris Theater
U8706,user_1,Entertainment,The 'Don't Think Twice' Trailer Will Crack You Up And Break Your Heart
U1757,user_1,Entertainment,10 Dancing Baby GIFs: We Dare You Not To Aww
U3993,user_1,Entertainment,Matt Damon Finally Says The Right Thing About Sexual Harassment
U1322,user_2,Tech,"This Week In Science: Photosynthesis Pics, Inconvenient Chickens, and Faraway Stars"
U2352,user_1,Entertainment,"Will Ferrell Interrupts Roger Federer Interview, Goes Full Ron Burgundy"
U2354,user_2,Tech,Here's Where To Marvel At The 'Blood Moon'
U7417,user_2,Tech,Not Worried About Big Brother or Big Government
U6403,user_3,Entertainment,Jaden Smith Goes To Prom With 'Hunger Games' Actress Amandla Stenberg
U7693,user_1,Entertainment,These Gorgeous Maps Show The World's Great Cities From A Local's POV
U6289,user_3,Entertainment,Being Funny Is Hard
U9485,user_2,Tech,Spitzer Recants: Why Can't APA Admit Mistakes and Correct Them
U2029,user_3,Entertainment,Fleshy Stilettos Made With Human Hair Question The 'Sexiness' Of Heels
U2079,user_3,Entertainment,Another Gripping True Crime Story Might Be Heading To Your Screen
U9148,user_1,Entertainment,Three Charts Show What 'Ghostbusters' Means For Young Girls
U0887,user_1,Entertainment,Kevin Hart To Host 'SNL' March 2 With Musical Guest Macklemore & Ryan Lewis
U4301,user_2,Tech,Light Pattern From Early Universe May Hold Clues To First Moments After Big Bang (VIDEO)
U0821,user_2,Tech,Identical Twins' Genes Research Suggests Siblings Are Genetically Different
U2483,user_1,Entertainment,WNYC’s New Podcast United States Of Anxiety Takes On A Myopic View Of Brown America
U3064,user_1,Entertainment,'Key & Peele' To End After Current Season
U7057,user_2,Tech,Watch This Rare Black Rhino Give Birth
U4644,user_2,Tech,San Francisco Entrepreneur Suggests Removing 'Riffraff' As Homeless Solution
U1896,user_1,Entertainment,'Jimmy Kimmel' Tells People Fourth Of July May Be Moved
U4462,user_1,Entertainment,"Adam West, 'Batman' Star, Dead At 88"
U2107,user_3,Entertainment,"Jon Hendricks, Legendary Jazz And Vocalese Singer, Dies At 96"
U6516,user_3,Entertainment,*Groan* Dumbledore Will 'Not Explicitly' Be Gay In 'Fantastic Beasts' Sequel
U2583,user_1,Entertainment,George Takei And Stephen Colbert Ride Out 'Star Trek' Attack
U0158,user_3,Entertainment,"Live From Sundance 2013: Saturday, January 19"
U7976,user_1,Entertainment,Tina Fey Gets '30 Rock' Episodes With Blackface Removed From Viewing
U8301,user_1,Entertainment,Disney Parks Removing 'Song Of The South' From Splash Mountain Ride
U7650,user_3,Entertainment,Tom Cruise's Epic Couch Jump Happened Exactly 10 Years Ago
U4134,user_1,Entertainment,Conan's Spoof Phone Calls Between Barack Obama And Donald Trump Will Never Get Old
U8343,user_3,Entertainment,Madness Reigns On 'How To Get Away With Murder'
U8886,user_1,Entertainment,Lupita Nyong'o's Pearl Oscar Dress Has Been Fake This Whole Time
U5042,user_1,Entertainment,Nicky Romero's Ultra Evolution
U8081,user_3,Entertainment,"Kanye West's Album Has Been Pirated 500,000 Times, Website Finds"
U9256,user_3,Entertainment,First Nighter: Stephen Sondheim's Merrily We Roll Along Does and Doesn't
U6810,user_2,Tech,TiVo Shares Get Big Discount As Digital Video Recorder Pioneer Struggles To Fight Competition: Report
U1098,user_1,Entertainment,Chrissy Teigen And John Legend Are The Perfect Couple At The 2015 VMAs
U3336,user_1,Entertainment,Larry King Reveals Lung Cancer Diagnosis
U5905,user_1,Entertainment,Jimmy Fallon Says What We're All Thinking About Flip-Flops
U2330,user_2,Tech,Annoying Facebook Friends: 7 Reasons Why People Don't 'Like' Your Posts
U0929,user_2,Tech,Super-Fast Google Fiber Internet May Be Coming To Two More Cities
U2066,user_1,Entertainment,The Oscars' Dirty Little Secret
U9542,user_2,Tech,"Lizards Hatch From Their Eggs Prematurely To Escape Danger, Study Suggests (VIDEO)"
U7684,user_3,Entertainment,"Kendrick Lamar, To Pimp a Butterfly's Devotional Bandleader"
U9902,user_2,Tech,Formlabs 3D Printer Is A Desktop-Sized Industrial-Grade Device You Can (Almost) Afford
U0254,user_1,Entertainment,"'Olympic Godzilla' Is Marie-Pier Boudreau Gagnon, Canadian Synchronized Swimmer (VIDEO)"
U0485,user_1,Entertainment,Seth Meyers Has Perfect Line To Confront Donald Trump's Lies
U8862,user_3,Entertainment,Justin Bieber Unveils Trailer For New Documentary 'Believe'
U4331,user_1,Entertainment,This Is What Could Have Happened To Leonardo DiCaprio At The Oscars
U5342,user_3,Entertainment,Jay-Z Finally Explains How He And Beyoncé Came Up With Those Baby Names
U6863,user_1,Entertainment,"For A Brief Moment, The Internet Was More Interested In Voter Registration Than Kim Kardashian"
U6030,user_1,Entertainment,This Animated Short Captures The Israel-Palestine Conflict In Under Four Minutes
U5373,user_1,Entertainment,K-Pop Band BTS Rocks Its New Gear From Olympians Alex And Maia Shibutani
U5091,user_3,Entertainment,Stop the Presses!
U7226,user_1,Entertainment,Jay Pharoah Spoofs Usher With 'Bad Kisser'
U5243,user_3,Entertainment,14 Artists Who Are Transforming The Future Of Opera
U0010,user_1,Entertainment,Jimmy Kimmel Gleefully Responds To 'My Pal' Sean Hannity's Lawyer Revelation
U5616,user_2,Tech,Facebook Profile Picture Choice May Be Influenced By Cultural Background: STUDY
U8034,user_1,Entertainment,"Tom Cruise Jumps Out Of A Plane At 25,000 Feet For Next 'Mission: Impossible'"
U1824,user_2,Tech,Solar Storms: What You Need to Ask Your Power Company
U2640,user_2,Tech,RIM CEO Thorsten Heins' 'Significant' Plans For BlackBerry
U2176,user_2,Tech,'Supermoon' 2012 Pics And Tweets (LIVE UPDATES)
U1074,user_1,Entertainment,Ellen DeGeneres Succeeds In Scaring The Daylights Out Of Ariana Grande
U0204,user_2,Tech,Gravitational Waves Mean We Could One Day Hear The Very First Sounds Of The Big Bang
U4928,user_3,Entertainment,'The Lego Batman Movie' Beats 'Fifty Shades Darker' At The Box Office
U5512,user_3,Entertainment,Austin Swift Just Got Cast In A Movie Written By A 'Pretty Little Liar'
U7121,user_2,Tech,"This DeLorean Doesn't Fly, But It Does Drive Itself"
U0609,user_3,Entertainment,Dave Chappelle Roasts Himself In Surprise ‘Tonight Show’ Appearance
U7252,user_2,Tech,Why Some People In The U.S. Still Don't Have Internet Access
U4194,user_1,Entertainment,What Hugh Jackman Got Wrong About Wolverine At First
U0546,user_2,Tech,'Pray For Me': Pope Francis Joins Instagram
U5816,user_1,Entertainment,The Bastille Topples While a Servant Girl Lusts for the Queen
U2787,user_1,Entertainment,Charlie Sheen Auctions Off Prized Babe Ruth Memorabilia
U9501,user_3,Entertainment,Johnny Depp Loses Libel Case Against British Newspaper
U9295,user_1,Entertainment,'Sesame Street' Introduces Gay Dads In 'Family Day' Episode For Pride
U2600,user_1,Entertainment,'The Blair Witch Project' Is Finally Getting The Sequel It Deserves
U6284,user_3,Entertainment,Bad Lip Reading Reveals What Was Really Said At The Royal Wedding
U6527,user_2,Tech,Surging Demand For Rechargeable Batteries Is Driving Business To South America
U6034,user_2,Tech,"Neutrino Subatomic Particles Don't Travel Faster Than Light--Einstein Was Right, Physicists Say"
U6398,user_3,Entertainment,Ryan Phillippe Has Good Intentions
U1026,user_1,Entertainment,'Valley of Love' at Cannes: Isabelle Huppert and Gerard Depardieu Summoned to Californian Desert by Dead Son
U9466,user_3,Entertainment,Why Did Love Win?
U2114,user_2,Tech,Skiers Stumble Across Endangered Snow Leopard
U0595,user_1,Entertainment,Actress Has Perfect Response To Movie Critic Who Called Her 'Chubby'
U3401,user_1,Entertainment,Josh Gad Calls Sick Kids As Olaf From 'Frozen' To Make Them Feel Better
U8200,user_1,Entertainment,Trevor Noah Exposes Vladimir Putin's Sinister Actions Towards U.S. Diplomats
U5527,user_1,Entertainment,MasterChef Recap: You're Prawns Are Raw in 'Top Ten Compete'
U3453,user_1,Entertainment,mun2 Upfront Move Forward as Grammy Museum Honors Rivera (SLIDESHOW)
U4058,user_1,Entertainment,Anton Yelchin's Parents File Wrongful Death Lawsuit Against Fiat Chrysler
U8718,user_1,Entertainment,"Kids React To Typewriters, We Feel Old Again"
U8509,user_2,Tech,"At Mardi Gras, Dance Like The FBI’s Watching"
U9838,user_2,Tech,Curating Facebook: Finding Meaning in the Noise
U1314,user_1,Entertainment,"Cargo Shorts Have A Troublesome History, But Their Legacy Lives On"
U7327,user_1,Entertainment,Jennifer Aniston Shares Behind-The-Scenes Photos From 'Friends' Reunion
U3607,user_1,Entertainment,See The Awesome First Teaser For Martin Scorsese And Mick Jagger's 'Vinyl'
U6548,user_3,Entertainment,Kristen Stewart And Jimmy Fallon Get Jiggle With It In Jell-O Shot Twister
U5175,user_3,Entertainment,"After Knowing Nothing About Beyoncé's Twins, We Now Know Everything"
U2229,user_2,Tech,How The Science Of Wasabi Could Pave The Way For New Pain Meds
U8340,user_2,Tech,Samsung Slashes Profit Forecast After Pulling Plug On Note 7 Smartphone
U7008,user_2,Tech,Already Threatened Polar Bears Face Food Shortage Crisis Amid Climate Change
U6710,user_2,Tech,Best Google Bug Ever Adds 'Praise The iPad' To Text-To-Speech Commands (VIDEO)
U5799,user_3,Entertainment,Russian Nesting Dolls
U6854,user_3,Entertainment,Crash Course in Mom Fashion
U3302,user_1,Entertainment,Danish Artist Makes Off With Pile Of Cash Intended To Be Art
U8407,user_1,Entertainment,"Jimmy Kimmel Unloads On Sean Hannity: ‘You, Sean, Are The Whole Ass Circus’"
U3520,user_3,Entertainment,'SNL' Mocks Obama's Handling Of Ebola
U7504,user_2,Tech,Spotify And Bumble Will Finally Let You Judge Potential Dates Based On Their Music Taste
U6880,user_3,Entertainment,Bon Jovi Live: Watch Bon Jovi's Live Concert In Cleveland (VIDEO)
U1582,user_2,Tech,"Facebook Tied To Feeling Fat, Eating Disorders"
U8898,user_1,Entertainment,Watch The 'Unfinished Business' Red-Band Trailer That Was Too Hot For The Super Bowl
U7917,user_3,Entertainment,Deadpool Slams 'SNL' With Perfect Kanye West Impression
U4578,user_3,Entertainment,This Is Why Christopher Nolan Won't Explain The 'Inception' Ending
U4363,user_2,Tech,"World's Most-Used Passwords Are Still Awful, According To 2015 Data"
U5687,user_3,Entertainment,You Can Now Go To Art School At Hogwarts
U2176,user_1,Entertainment,Kim Kardashian Wants You To See Her Without Makeup
U7702,user_1,Entertainment,"Paul Sorvino, ‘Goodfellas’ And ‘Law & Order’ Actor, Dies At 83"
U7986,user_2,Tech,Earth's Radiation Belts May Hold Secret To Speedy Electrons
U8166,user_2,Tech,"Nokia's Vertu, Luxury Phone Unit, May Be Sold Off: Report"
U1541,user_3,Entertainment,Tavis Smiley: My Conversation With J. Cole on What Really Matters in Life
U2484,user_3,Entertainment,Will Ferrell & John C. Reilly To Reteam For New Halloween Mischief Comedy 'Devil's Night'
U6522,user_2,Tech,"iPhone 5 Design, New MacBook Pro, And 'iTV': The Week In Apple Rumors"
U3744,user_3,Entertainment,Laurie Anderson's Hilarious Pillow Speaker Song At SVA Commencement Address (VIDEO)
U5589,user_2,Tech,'Bowie' The Baby Penguin Is Adorable Tribute To Late Legendary Star
U3847,user_1,Entertainment,'Maze Runner: Scorch Trials' Cast Reveals If They'd Last A Day In The Scorch
U7977,user_1,Entertainment,Review: LaughFest's Subversively Family-Friendly Wanda Sykes
U3321,user_2,Tech,Apple's Second Apology To Samsung Is Much Less Snarky
U8236,user_3,Entertainment,Praise Yeezus! Kanye West Jesus Statue Rises In Hollywood
U9667,user_3,Entertainment,Kim Kardashian Says Kanye West Is Serious About Running For President
U6103,user_1,Entertainment,Angelina Jolie Knows How To Rock A Little Black Dress
U3055,user_3,Entertainment,Miss Universe Hits Back At Beauty Pageant Critics
U7023,user_1,Entertainment,"Once Trampled By Fans, Jesse McCartney Just Wants To Experience Life Now"
U7726,user_1,Entertainment,Michelle Rodriguez Clarifies Controversial Remarks About Diversity In Superhero Movies
U2368,user_1,Entertainment,'Dancing With The Stars' Tour Bus Involved In Fatal Multi-Car Pileup
U3026,user_2,Tech,Watch The Top 9 YouTube Videos Of The Week
U6327,user_2,Tech,"Heather Walker, Memphis Mother, Temporarily Banned From Uploading Facebook Photos After Posting Images Of Terminally Ill Son (UPDATE)"
U3383,user_1,Entertainment,Tamra Judge On What's Ahead On 'Real Housewives Of Orange County'
U6834,user_1,Entertainment,Halle Berry Reveals The One Problem Malia Obama Had As A PA
U9799,user_2,Tech,This Breathtaking Photo Shows Two Galaxies Merging Together
U3225,user_2,Tech,"Climate Change Made Hurricane Harvey Worse, Scientists Say"
U9268,user_3,Entertainment,John Lennon's Killer Denied Parole For Eighth Time
U2786,user_2,Tech,Scientists Note Asteroid Approaching Earth Looks Like It’s Wearing A Face Mask
U3728,user_3,Entertainment,Charlie Sheen Sues National Enquirer Over Corey Haim Rape Allegation
U0633,user_2,Tech,Online Dating's Surprising Lesson About Race
U8527,user_2,Tech,Is Information Moving 'Too Fast'' Today?
U6488,user_3,Entertainment,Bill Maher Says Donald Trump's Lies Inflame Supporters' Anger
U6639,user_1,Entertainment,Zac Brown Band Reminds Us Who Will Really Make America Great Again
U7784,user_3,Entertainment,‘Game Of Thrones’ Creators To Make New ‘Star Wars’ Film Series
U8884,user_3,Entertainment,"Trump Criticizes Ben Carson, Says He Doesn't Have 'Energy'"
U1657,user_1,Entertainment,Heidi Klum's Jessica Rabbit Halloween Costume Is Pretty Incredible
U4141,user_1,Entertainment,Cher Doesn't Think Donald Trump Actually Wants To Be President
U7665,user_1,Entertainment,25 Impressions In 2.5 Minutes — And No Donald Trump!
U1246,user_2,Tech,Ancient Lake Dwellers May Have Given Gruesome Gifts To The Gods
U3874,user_1,Entertainment,Alton Sterling's Son Celebrates His 16th Birthday With Kim Kardashian And Kanye West
U9742,user_1,Entertainment,Stephen Colbert Lists The 5 Topics You Probably Shouldn’t Talk About This Thanksgiving
U0464,user_2,Tech,EXPERTS: Ashley Madison Hack Data Is Real
U6752,user_3,Entertainment,Viral Ad For GoldieBlox Under Fire From Beastie Boys For Copyright Infringement
U6482,user_3,Entertainment,"Reporter Crashes The Debate And Causes Some Good, Old-Fashioned Chaos"
U3170,user_1,Entertainment,Wanda Sykes Talks Gay Marriage vs. Straight Marriage On Totally Biased (VIDEO)
U4941,user_3,Entertainment,'Good Wife' Recap: All the Best Songs From 'Mind's Eye'
U8212,user_1,Entertainment,"Had Leonardo DiCaprio Taken This Role, The 'Star Wars' Prequels Would've Been Very Different"
U8861,user_1,Entertainment,Ashton Kutcher To Play Steve Jobs In Indie Movie
U5189,user_3,Entertainment,The Readymade Is Already Made
U5847,user_1,Entertainment,Tear Stocks Plummet After John Boehner Announces Resignation
U5768,user_3,Entertainment,"My Worst Audition Ever?  Or, The Danger of Playing Paddle Ball, Chewing Gum, and Singing ""We Built This City"" Simultaneously"
U9594,user_1,Entertainment,Pregnant Kourtney Kardashian Rocks A Tight LBD
U4114,user_1,Entertainment,Norman Reedus' New Movie 'Air' Looks Just As Creepy As 'Walking Dead'
U4662,user_3,Entertainment,Hailee Steinfeld's Empowering First Solo Single Is Here
U1292,user_2,Tech,Facebook's Gun Ban Isn't Working
U7921,user_3,Entertainment,Murnau Shrugged: The Temple Of Bad Discusses 'The Vampire's Coffin'
U2532,user_2,Tech,Toyota Makes Major Investment In Artificial Intelligence
U9555,user_1,Entertainment,City Councilmen Deemed This Nude Pregnant Portrait 'Pornography'
U8183,user_1,Entertainment,"Sean Connery, Filmdom's First James Bond, Dies At 90"
U5126,user_1,Entertainment,"Debating the Morality of Brutal Government Torture is Now a 'Thing,' Apparently"
U4529,user_1,Entertainment,Greta Gerwig's Star Is Forever Rising
U6126,user_1,Entertainment,Nothing Like A Little Incest On 'How To Get Away With Murder'
U6018,user_1,Entertainment,See 'Beauty And The Beast's' Animated And Live-Action Films Side By Side
U3928,user_3,Entertainment,Amy Schumer Shares Childhood Video To Announce She's Opening For Madonna
U7148,user_3,Entertainment,"'The Miley Cyrus Show' Returns To 'SNL' With Justin Bieber, New Adult Look (VIDEO)"
U9834,user_2,Tech,Bill Nye: Debate Over Evolution In Texas Schools Is Jeopardizing Our Future
U0179,user_3,Entertainment,Artist Depicts School Shooting Perpetrators Using News Clippings From Around The World
U8267,user_2,Tech,Facebook Temporarily Killed Off A Lot Of Its Users
U0641,user_3,Entertainment,Miley Cyrus Breaks Down In Tears During Emotional SNL Performance
U7577,user_3,Entertainment,Watch The Trailer For James Gandolfini's Final Film
U2103,user_2,Tech,Oracle Ordered To Pay HP $3 Billion In Itanium Case
U3225,user_1,Entertainment,There's Nothing 'Loki' About These Photos From The 'Thor: Ragnarok' Set
U2719,user_3,Entertainment,Katy Perry Is Breaded And Boiled In 'Bon Appetit' Music Video
U8803,user_2,Tech,LOOK: Solar Eclipse Stuns Skywatchers Around The World
U1703,user_2,Tech,German Watchdog Threatens To Use 'Instruments Of Torture' Against Amazon
U7747,user_1,Entertainment,‘Daily Show’ Breaks Down How Badly Donald Trump Is Handling Retirement
U7461,user_2,Tech,Zoom Into The Mesmerizing Heart Of Our Own Milky Way Galaxy
U2829,user_2,Tech,You May Be Able To Train Your Brain To Be Fearless
U4464,user_2,Tech,Debate Over Saturn's Rings Finally Resolved?
U1102,user_2,Tech,How To Watch The Last Meteor Shower Of 2014
U6711,user_2,Tech,"Meteor Shower, Comet, Planets To Grace August Night Sky"
U4697,user_2,Tech,Polar Bears Trap Team Of Scientists Inside Remote Weather Station In Russia
U2018,user_3,Entertainment,‘Last Week Tonight’ Questions Why Tuesday Voting Is Still A Thing
U3689,user_1,Entertainment,Aziz Ansari Can Do A Killer Bobby Jindal Impression
U6580,user_3,Entertainment,"A 3D Font That Reads Like Text, But Can Be Viewed Like Sculpture"
U4374,user_1,Entertainment,10 Things All Winners Do
U0884,user_3,Entertainment,AC/DC Co-Founder Malcolm Young Dead At 64
U9990,user_2,Tech,Canadian Company Patents Inflatable 'Space Elevator'
U2648,user_1,Entertainment,Kim Kardashian Still Swears North West Shared That Bikini Photo
U0416,user_3,Entertainment,Chrissy Teigen And John Legend Are Having A Girl!
U1605,user_1,Entertainment,Louis C.K. Wants You To Know That Dancing Is A 'Terrible' Career Choice
U7459,user_3,Entertainment,Samantha Bee Urges NRA Members To Join Scientology Instead
U0288,user_3,Entertainment,"In New Netflix Documentary, We're All A Part Of Amanda Knox's Story"
U1238,user_1,Entertainment,Tom Hanks In Carly Rae Jepsen's 'I Really Like You' Video Is Oddly Entertaining Without Music
U5213,user_2,Tech,"Researchers Created A Machine That Pukes... For Science, Of Course"
U2324,user_2,Tech,"eWise: Facebook Plagiarism, Misunderstood 'Likes'"
U5917,user_1,Entertainment,Samantha Bee: We Should Be Worried If Roger Ailes Helps With Trump's Debate Prep
U1468,user_1,Entertainment,"The Manly Pursuit of Desire: Heat ""Stroke"" at the Leslie-Lohman Museum of Gay and Lesbian Art"
U7498,user_3,Entertainment,Twitter Got To Work After Drake And Rihanna's Kiss At The MTV Video Music Awards
U6710,user_3,Entertainment,The Best Scene In 'Stronger' Involves A Freakout About Oprah
U0355,user_2,Tech,"In The Debate Over Strong Encryption, Security And Liberty Must Win"
U9436,user_1,Entertainment,Kelly Clarkson Covers *NSYNC's 'Bye Bye Bye' And It's Beyond Perfect
U6093,user_3,Entertainment,'Orange Is The New Black' Cast Release The Prison Version Of 'Peeno Noir'
U4649,user_3,Entertainment,Mexican Director Amat Escalante Speaks About Being on Martin Scorsese's Jury in Marrakech
U8382,user_2,Tech,"Spectre 1, iMac Look Eerily Similar: HP's New All-In-One Takes A Few Cues Too Many From Apple? (PHOTOS)"
U7644,user_3,Entertainment,Adele Wishes Leonardo DiCaprio Good Luck With The Dorkiest 'Titanic' Tribute
U7831,user_1,Entertainment,Matt Taibbi: American Sniper 'Almost Too Dumb To Criticize'
U4932,user_1,Entertainment,"Chris Brown And Rihanna Offend, 'Wanderlust' Hits A Dead End And More: The Week In Ouch"
U4024,user_3,Entertainment,Selena Gomez Dismantles The 'Beauty Myth’ After Being Body Shamed
U5260,user_2,Tech,Aliens Might Be Way Bigger Than We Ever Imagined
U1695,user_2,Tech,Five Ways Social Media Has Forever Changed the Way We Work
U9940,user_2,Tech,"Google, Facebook And Microsoft Will Officially Support Apple In Battle Against FBI"
U9488,user_3,Entertainment,"The Dubai Film Festival Diaries: The Groundbreaking Dolphins, Paul Bettany's Shelter and Asha Bhosle"
U5808,user_3,Entertainment,"Where Hope Grows, Is a Heart-warming Movie"
U0109,user_3,Entertainment,Amazing Super Bowl Facts For A Country Setting The Bar Low Lately
U3661,user_1,Entertainment,David Chang's New Show Embraces 'Ugly Delicious' Food
U7302,user_3,Entertainment,"After 15 Whitewashed Years, ABC Casts A Black 'Bachelorette'"
U3861,user_3,Entertainment,New Woody Allen Essay Collection To Be Published In June
U7211,user_1,Entertainment,Alec Baldwin Fires One 'Hell' Of A Zinger At Donald Trump's Inauguration
U9109,user_1,Entertainment,Movie Review: August: Osage County
U3847,user_1,Entertainment,8 Things You Didn't Know About 'Avengers'
U8206,user_2,Tech,"Apple Doubles Women, Minority Hires But Remains Very White"
U7650,user_1,Entertainment,"""Magic Mike"" Star Joe Manganiello Is Not Just A Piece Of Meat"
U9012,user_1,Entertainment,The Jurassic Puppet Show
U2780,user_2,Tech,Cell Phone Calls On Airplanes May Be Outrageously Expensive
U1879,user_1,Entertainment,Demi Lovato Accidentally Knocks Trainer's Tooth Out: 'When's My First Fight?!'
U2886,user_2,Tech,Hawaii Makes Another Big Move Toward 100 Percent Renewable Energy
U0959,user_3,Entertainment,Kelly Marie Tran Breaks Down At 'The Last Jedi' Premiere And Now We're Crying
U5600,user_1,Entertainment,24 Perfect Tweets About 'The Bachelorette' Season 13 'Men Tell All'
U7060,user_1,Entertainment,Lena Dunham Plans To Dress As A Planned Parenthood Doctor For Halloween
U4604,user_3,Entertainment,Janet Jackson Shares Adorable First Photograph Of Her Baby Son
U5286,user_2,Tech,What's A Scientist To Do? March!
U5190,user_1,Entertainment,13 Life Lessons From 13 Years At Burning Man
U4889,user_3,Entertainment,Look What You Made Me Do
U1838,user_3,Entertainment,'Super Troopers 2' Is Officially Happening
U1122,user_2,Tech,VIDEO: New Dinosaur Discovered Bigger Than T. Rex
U5222,user_2,Tech,"Alien Planets In 'Habitable Zone Gallery' May Support Life, Study Suggests"
U8081,user_1,Entertainment,Fetch Yourself Some Nostalgia With This Clip Of Lindsay Lohan Hosting The MTV Movie Awards
U5485,user_1,Entertainment,'Mortdecai' Is One Of Johnny Depp's Worst Flops Ever
U6086,user_3,Entertainment,Hitchcock Adds Suspense to the Oscars Race
U3771,user_1,Entertainment,April Fools Day 2012 Roundup: The BEST Pranks Of The Year!
U0209,user_2,Tech,Why Nature Can Flourish In War Zones
U6368,user_2,Tech,'Man Flu' Stories Show How We Make Women's Health All About Dudes
U7818,user_3,Entertainment,Watch: Oscar Experts Battle Over What Will Win Best Picture
U7664,user_3,Entertainment,I Saw A Rick Astley Concert In The Year Of Our Lord 2016
U2891,user_1,Entertainment,Even Jay Z Completely Forgot About Tidal's Existence
U9733,user_1,Entertainment,Karen Gillan Volunteers To Direct An All-Female Marvel Movie
U2768,user_1,Entertainment,The Sundance Interviews: Kurt Russell (VIDEO)
U3375,user_3,Entertainment,Here's Why The Jaw-Dropping Final 4 Words In 'Gilmore Girls' Make Perfect Sense
U4012,user_1,Entertainment,5 Things You Didn't Know About Kim Kardashian
U1335,user_2,Tech,Your Facebook Events Are About To Look Different -- Here's Why
U5548,user_3,Entertainment,"'In the Next Room or the Vibrator Play,' Long Beach Playhouse Studio Theatre"
U3829,user_1,Entertainment,Katy Perry Drops New Olympics Single 'Rise' At The Perfect Moment
U2020,user_3,Entertainment,Daniel Tosh vs. The Age of Outrage
U1827,user_3,Entertainment,"Dolly Parton, Eminem, Lionel Richie Get Into Rock Hall Of Fame"
U0529,user_2,Tech,Scientists Get First-Ever Glimpse Of Elusive Mineral
U4449,user_2,Tech,"This Week In Science: Space Ripples Turn to Dust, Resetting Your Biological Clock, and a Dolphin Funeral"
U6627,user_2,Tech,Seeing Olympicene
U5209,user_3,Entertainment,Joan Rivers Notably Left Out Of The Oscars' In-Memoriam Segment
U0166,user_1,Entertainment,'Prometheus' Box Office: Ridley Scott Film Opens To $21.4M
U8497,user_1,Entertainment,Candice Patton of The Flash Talks About Meeting the Fans! Part II
U7537,user_2,Tech,Watch The Top 9 YouTube Videos Of The Week
U2060,user_1,Entertainment,Ricky Gervais Is Giving David Brent The Big-Screen Treatment
U9471,user_3,Entertainment,Demi Lovato Says She was 'Very Conflicted' With Her Abusive Father's Death
U9961,user_3,Entertainment,'Game Of Thrones' Creators 'Never Set Out To Offend Anyone'
U8756,user_1,Entertainment,"Joni Sledge, Member Of 'We Are Family' Group Sister Sledge, Dead At 60"
U0128,user_2,Tech,Over-The-Top Tech Headquarters Might Be More Trouble Than They're Worth
U7884,user_2,Tech,Porsche Is Making Its First All-Electric Sports Car
U1258,user_3,Entertainment,This Guy's Rendition Of Adele's 'Hello' Is Why The Internet Was Created
U5535,user_1,Entertainment,Robert Jackson: 'Tinkering with Reality'
U4718,user_2,Tech,"Saturn Opposition: April 28 Event Marks Ringed Planet's Brightest, Closest Pass At Earth In 2013"
U0154,user_2,Tech,Magic Mushroom Clinical Trial Stalls Due To Drug Regulations
U1440,user_3,Entertainment,Netflix Renews 'Black Mirror' For 5th Season
U0160,user_3,Entertainment,Shovels & Rope at Bowery Ballroom
U4648,user_3,Entertainment,Defamation Suit Against Bill Cosby Dismissed
U5986,user_2,Tech,10 Mind-Boggling Science Facts That Will Make You Feel Grateful
U0984,user_1,Entertainment,Ryan Reynolds Perfectly Trolled Hugh Jackman's Love Letter To His Wife
U0306,user_2,Tech,How 3D Printing Could End The Deadly Shortage Of Donor Organs
U7556,user_2,Tech,The Ad Industry Is Finally Promising To Make Online Ads Less Terrible
U2065,user_3,Entertainment,Trevor Noah Gives Michael Cohen A Biting New 'Breaking Bad'-Themed Nickname
U5683,user_3,Entertainment,"Tina Fey, Amy Poehler And Jimmy Fallon Reveal Crazy Secrets In 'True Confessions'"
U0583,user_3,Entertainment,Jimmy Fallon's 'Night News Now': 'Late Night' Introduces 'Weekend Update'-Style News Segment (VIDEO)
U5702,user_3,Entertainment,'A Quiet Place' Dominates With $50 Million Debut At Box Office
U1185,user_3,Entertainment,Steve Wozniak On 'Jobs': Apple Co-Founder Speaks Out On Ashton Kutcher And His Latest Film
U5070,user_3,Entertainment,"Box Office Totals Place 'After Earth' Behind 'Fast 6,' 'Now You See Me'"
U2023,user_3,Entertainment,Stephen Colbert Suggests The Perfect Place For Donald Trump To Testify Under Oath
U8262,user_2,Tech,The Origami Cosmic Web of Galaxies
U3186,user_1,Entertainment,'Wizards Of Waverly Place' Star David Henrie Has Been Secretly Engaged For Four Months
U8264,user_1,Entertainment,Big Bird Was Supposed To Be A Passenger On Doomed Challenger Flight
U6149,user_2,Tech,"Meteor Shower, Comet, Planets To Grace August Night Sky"
U2237,user_1,Entertainment,Sex Pistols Manager's Son Burns Punk Memorabilia Worth Millions
U7564,user_2,Tech,No Life On Martian Meteorite Found In Antarctica In 1996
U4276,user_1,Entertainment,5 Things We Learned From Kim Kardashian's Love Magazine Interview
U8977,user_2,Tech,Mitt Romney's Project ORCA Failure: Broken ORCA App Cost Him Thousands Of Votes
U1851,user_3,Entertainment,Jennifer Hudson To Play Aretha Franklin In Biopic
U7521,user_2,Tech,Alleged 'PayPal 14' Hackers Seek Deal To Stay Out Of Prison After Nearly 2 Years In Limbo
U6559,user_2,Tech,Can These Women Save Silicon Valley?
U6881,user_2,Tech,"Power Companies Could Use Drones To Save Lives, Cut Costs"
U8916,user_3,Entertainment,All Aboard The President Trump Express On 'Jimmy Kimmel Live'
U2128,user_2,Tech,"New Apps Help Taxpayers Report Waste, Fraud and Abuse"
U7309,user_1,Entertainment,Leonardo DiCaprio To Play Multiple Personalities In New Film
U5300,user_2,Tech,Gamer Beats 'Fallout 3' In Under 15 Minutes
U3299,user_2,Tech,Want The Latest HuffPost Headline? Just Ask Slack.
U1258,user_3,Entertainment,Sam Rockwell's 'Laggies' Character Is Not Who You Think He Is
U6130,user_2,Tech,"Happy Birthday, Hubble: Seeing the Universe in a New Light"
U4093,user_1,Entertainment,Cinefantastique Spotlight Podcast: Epic
U9290,user_2,Tech,How The Clothing You Wear Affects The Way You Think
U9989,user_1,Entertainment,The Inside Story
U0115,user_2,Tech,NASA Wants To Grow Potatoes On Mars
U2668,user_2,Tech,This Swimsuit Cleans The Ocean As You Swim
U6659,user_3,Entertainment,Donnie Dorko
U4891,user_1,Entertainment,"22 Toys Every 'Star Wars,' 'Transformers' & Marvel Fan Should Know About"
U4434,user_1,Entertainment,Why This College Wants To Sleep With You
U1168,user_1,Entertainment,Jon Voight Plays Down Donald Trump's Offensive Comments About Women
U9092,user_3,Entertainment,Here Are Some Of The Shortest Celebrity Marriages
U6110,user_3,Entertainment,Adam Rippon Meeting Reese Witherspoon Is Better Than Olympic Glory
U9761,user_3,Entertainment,John Mellencamp Took A Knee On 'The Late Show' Ahead Of Super Bowl Weekend
U7319,user_3,Entertainment,Zac Efron And Jimmy Fallon Play A Dangerous Game Of 'Egg Roulette'
U9707,user_3,Entertainment,Shucked
U7693,user_3,Entertainment,Mike Colter Hints At Return Of Heroes For Hire In 'Luke Cage'
U7062,user_2,Tech,"On The 25th Anniversary Of The ADA, The Future Of Online Accessibility Is In Limbo"
U6549,user_2,Tech,Why Are There Still So Few Women In Science?
U6303,user_3,Entertainment,Emma Stone Says 'La La Land' Oscar Nomination Is Beyond Her 'Wildest Imaginings'
U7792,user_1,Entertainment,Pharrell's 'Happy' Bumps Pitbull and Ke$ha From UK Charts Top Spot
U3305,user_3,Entertainment,Luke Hemsworth Is Here To Share 'Westworld' Season 2 Spoilers
U9637,user_2,Tech,"After Brexit, U.K. Residents Google 'What Is The EU?'"
U9153,user_1,Entertainment,Céline Dion And Deadpool Have Strong Creative Disagreements In Their New Music Video
U7131,user_1,Entertainment,"Only I, The RNC Teleprompter Operator, Can Cheer Up Chris Christie"
U3913,user_3,Entertainment,The Day I Grew a Pair
U5981,user_2,Tech,'This Is Our Planet' ISS Time-Lapse Video Will Blow Your Mind (VIDEO)
U7571,user_3,Entertainment,Letterman Has His Most Star-Studded Top Ten List Ever
U5317,user_2,Tech,These Cringe-Worthy Stories Show It Can Be Hard For Women In Science
U8090,user_3,Entertainment,Imagine a World In Which Star Wars Never Existed
U8788,user_2,Tech,"For Staving Off Depression, Talking Face To Face Trumps Email And Phone"
U0156,user_1,Entertainment,Stephen Colbert Slams Paul Ryan's Reaction To Millions Losing Insurance
U6458,user_3,Entertainment,Kourtney Kardashian And Scott Disick Spotted Out At Lunch Together
U1113,user_3,Entertainment,Suffering Optional: Walking Into the Wild Is a Quest of Privilege
U6896,user_1,Entertainment,Jennifer Lawrence And Chris Pratt Date In Space In First 'Passengers' Trailer
U4531,user_2,Tech,Apple's App Store Hits 25 Billion Downloads
U0658,user_1,Entertainment,Jay Sean Is Glad To See More South Asian Representation On TV
U4808,user_2,Tech,RECAP: Dramatic Eclipse Photos
U0457,user_3,Entertainment,Sarah Paulson Is Game To Play Trump In Election-Themed 'American Horror Story'
U1726,user_2,Tech,Facebook Is Not Your Friend
U9584,user_2,Tech,Hawaii Makes Another Big Move Toward 100 Percent Renewable Energy
U3474,user_3,Entertainment,10 Things I Learned About Molly Ivins
U1919,user_3,Entertainment,This Is What The Emmy Awards Looked Like In 2006
U2590,user_1,Entertainment,KKK Members Claim They Were Paid To Fabricate Scenes For A&E Show
U3030,user_2,Tech,Google Removed 50 Million 'Pirate' Search Results This Year
U9852,user_1,Entertainment,James Corden Reveals The New Twitter-Inspired Euphemism For White Supremacists
U9775,user_2,Tech,Scientists Find Another Way Pooches Are Just Like People
U7348,user_3,Entertainment,Natalia Bryant Shares Touching Photo To Honor Sister Gianna's Birthday
U8998,user_2,Tech,Touring the YouTube Offices
U3455,user_2,Tech,Scientists' New 'Human Placenta Project' Aims to Improve Health of Moms and Their Children
U4059,user_2,Tech,"Watching Others Exercise Can Make You Fitter, Study Shows"
U1230,user_3,Entertainment,Red Lobster's Response To Beyoncé's 'Formation' Video Is Super Cheesy
U3001,user_3,Entertainment,Samantha Bee Wants Us All To Play In Fantasy Indictment League
U6065,user_2,Tech,Huffington Magazine: 10 Lessons From the First 10 Issues
U5825,user_2,Tech,It Took A New 'Star Wars' To Finally Get People Off The Internet
U9795,user_2,Tech,Google Just 'Open Sourced' Its Artificial Intelligence Engine
U7134,user_2,Tech,"A Furry Animal Shut Down The World's Largest Particle Collider, Officials Say"
U5104,user_1,Entertainment,See If You Can Identify Yourself At This Party Of Socially Awkward People
U1724,user_3,Entertainment,"Behold Fiona Apple's Women's March Anthem, 'Tiny Hands'"
U8437,user_3,Entertainment,Release Date Set For Sequel To 'The Lego Movie'
U7274,user_2,Tech,Ashley Madison Hackers Speak Out: 'Nobody Was Watching'
U4413,user_1,Entertainment,Oscar-Nominated Iranian Director Asghar Farhadi Will Not Attend Awards Ceremony
U7770,user_2,Tech,Burger King Twitter Account Hacked
U7801,user_3,Entertainment,Maggie Gyllenhaal Says What's Turning Her On In Golden Globes Speech
U8622,user_1,Entertainment,Lost 'Mockingjay' Scene Shows What Happened To Peeta
U7664,user_3,Entertainment,Michael B. Jordan Debuts Campaign With Coach As Its First Global Men's Face
U1031,user_3,Entertainment,Daniel Craig And Rachel Weisz Expecting First Child Together
U8891,user_2,Tech,Bill Nye: Debate Over Evolution In Texas Schools Is Jeopardizing Our Future
U6640,user_2,Tech,"The Rise Of 'No, Totally' As Linguistic Quirk"
U6696,user_1,Entertainment,These Incredibly Awkward Movie Moments Will Make You Feel A Lot Smoother
U4977,user_3,Entertainment,Kanye Performed Twice During The Grammys
U7278,user_1,Entertainment,"Now That Beyonce's World Tour Is Over, Relish In These Behind-The-Scenes Photos"
U4245,user_3,Entertainment,"Stage Door: Love Letters, Port Authority"
U4720,user_1,Entertainment,Bet You Didn't Know Gal Gadot Is Pronounced With A Hard 'T'
U9846,user_3,Entertainment,Ashlee Simpson Is Pregnant!
U5353,user_3,Entertainment,Taylor Swift Is In On The 'No Its Becky' Joke
U4122,user_1,Entertainment,Macklemore Casually Owns This Bizarre Nude Painting Of Justin Bieber
U4467,user_3,Entertainment,Into the Woods Gets Lost in the Woods
U5366,user_2,Tech,Second Man On Moon Claims Selfie First
U1906,user_1,Entertainment,Tina Fey Has A Confession About Those '30 Rock’ Reboot Rumors
U8985,user_2,Tech,Higgs Boson Nobel Prize? Scientists Ponder Whether Prize Should Go To One Physicist Or Many
U2545,user_3,Entertainment,"John Oliver Talks 'Daily Show' Election Coverage, His 'New York Stand-Up Show' & Aol's Funky Mural (VIDEO)"
U0112,user_1,Entertainment,Review: The Expendables 2 (2012)
U9582,user_3,Entertainment,The Kardashians Are Taking This Whole Blac Chyna Beef Way Too Seriously
U5884,user_1,Entertainment,Miles Teller Doing OK After Bronco Flips Over In Car Crash
U1562,user_3,Entertainment,Bernie Sanders Plus Drake's 'Hotline Bling' Can Mean Only One Thing
U5765,user_1,Entertainment,Watch Lil Wayne & Drake Perform New Single During Tour Opener
U7517,user_3,Entertainment,Lena Dunham And Jimmy Fallon Battle For Lip Sync Glory
U8098,user_3,Entertainment,'Belle': An Austenesque with a Racial Twist
U0972,user_3,Entertainment,Theater: Marilyn Maye Toasts Sinatra At 54 Below
U2075,user_3,Entertainment,The Future of Music Festivals: How Technology Is Shaping a New Era of Experiences
U4073,user_2,Tech,Record 1 Billion People Used Facebook In A Single Day
U8495,user_2,Tech,Hacking The Future
U2558,user_1,Entertainment,Jimmy Kimmel Hilariously Spoofs White House Valentine's Day Cards
U3321,user_2,Tech,This Game Can Make People Less Prejudiced. Here's How.
U3702,user_1,Entertainment,The Problem With Late Night With Seth Meyers: Trying to Be an Every Man
U5798,user_3,Entertainment,Kristen Wiig Crashes Amy Adams' 'SNL' Monologue
U8704,user_2,Tech,A Typical Christmas Tree May Not Be What You Think
U4790,user_2,Tech,"iPhone 5 Preorders, iPad Mini Predictions, And Apple TV: This Week In Apple Rumors"
U8145,user_3,Entertainment,Taylor Swift Is Averaging 35 Million Views Daily
U4306,user_2,Tech,NASA’s Juno Spacecraft Sent Back Some Spectacular Shots Of Jupiter
U0332,user_2,Tech,Snowden: Apple Should Fight Obama Administration On Encryption
U1675,user_2,Tech,"Americans Will Soon Order Most Of Their Food Online, Further Shunning Human Interaction"
U4669,user_2,Tech,Black Friday 2015: The Best Deals Around The Web
U1701,user_2,Tech,"We Need To Protect Drivers' Privacy As We Connect Cars To The Internet, Sen. Blumenthal Says"
U5739,user_1,Entertainment,BEHOLD: '50 Fox News Lies In 6 Seconds'
U3119,user_2,Tech,Can These Women Save Silicon Valley?
U5752,user_1,Entertainment,Ed Sheeran Casually Rocks Out With The Rolling Stones
U2537,user_2,Tech,Rare Photos From Steve Jobs' 1996 Return To Apple Appear On Flickr (PHOTOS)
U0168,user_2,Tech,Take A Tour Of The Best Photos Of Earth From Space
U3962,user_2,Tech,Sheryl Sandberg Sets Aside $100 Million In Facebook Stock To Give To Charity
U4963,user_2,Tech,Why Silence Is So Good For Your Brain
U2758,user_2,Tech,"Do What You Love, But Don't Get Sick"
U3498,user_1,Entertainment,Kesha Says She Was Offered 'Freedom' If She Apologized For Rape Allegations
U5651,user_3,Entertainment,Samantha Bee Narrates Video-Game Explanation Of Refugee Terror Risk
U9429,user_3,Entertainment,"You'll Never Go Back To Regular Emojis Again! Well, Maybe"
U2748,user_3,Entertainment,Can You Guess The Oscar-Nominated Films Just From These Emojis?
U6961,user_3,Entertainment,And Now Kid Rock Wants People To Sign Up To Vote At His Concerts
U6168,user_3,Entertainment,Jamie Foxx Denies Dating Katie Holmes
U7706,user_2,Tech,Las Vegas Tech Show Will Give Peek At The Driverless Cars And Homes Of The Future
U3524,user_3,Entertainment,Drink In James Corden's Mini Montage Of Donald Trump Weirdly Drinking Water
U4107,user_2,Tech,Fake YouTube Views Cut By 2 Billion As Google Audits Record Companies' Video Channels
U9964,user_2,Tech,Jerome Jarre's New Vine Project Captures Humanity At Its Best
U5010,user_1,Entertainment,'American Horror Story: Cult' Gives Us A Bloody First Look At Trump And Clinton
U6148,user_2,Tech,Government Accuses Apple Of 'Deliberately' Boosting Security To Keep Feds Out
U0671,user_1,Entertainment,Unlikely 'Bachelorette' Fan Christian Slater Explains How He Got Into The Show
U7041,user_3,Entertainment,Demi Lovato Says She was 'Very Conflicted' With Her Abusive Father's Death
U6375,user_3,Entertainment,The Jokes Flow On Twitter Over The Latest Trump 'Pee Tape' Allegations
U3951,user_1,Entertainment,"Steve Carell, Kristen Wiig & Chris O'Dowd Face Off Against A Fly On 'The Graham Norton Show' (VIDEO)"
U8264,user_1,Entertainment,Jay Z -- Activist for the 21st Century
U7099,user_1,Entertainment,Kim And Kourtney Kardashian Are Adorable Toddlers In Halloween Throwback
U1898,user_3,Entertainment,How Leaving 'SNL' Exacerbated Chris Farley's Substance Abuse
U9589,user_3,Entertainment,Hairstylist Shares Rare Behind-The-Scenes Photos Of Celebrities In The ‘90s And ‘00s
U8620,user_1,Entertainment,How Kings Of Leon Wound Up Writing 'Last Mile Home' For 'August: Osage County'
U7593,user_1,Entertainment,'Real World' Star Dies
U3864,user_3,Entertainment,19 Mind-Blowing Facts (PHOTOS)
U4658,user_2,Tech,The Right Kind Of Daydreaming
U7231,user_2,Tech,Here's What U.S. Cities Googled The Most In 2015
U5193,user_2,Tech,Slave Tunnels Found In Massive Network Underneath Second Century Roman Emperor's Villa
U8740,user_3,Entertainment,Chris Hemsworth Knows 'What Love Is' Now That He Has Kids
U9445,user_2,Tech,"Alert Levels Raised As Alaska's Pavlof Volcano Spews Ash 20,000 Feet Into The Sky"
U5829,user_3,Entertainment,The 'Black Panther' Trailer Just Dropped With A Star-Studded Cast
U1036,user_2,Tech,Email Trailblazer Raymond Tomlinson Dead At 74
U3344,user_3,Entertainment,How Jonah Ryan And 'Big Head' Explain America
U8080,user_3,Entertainment,Jennifer Lawrence To Play Fidel Castro's Lover In 'Jane Bond'-Type Role
U8690,user_2,Tech,Cleveland Killing Prompts Facebook To Review Handling Of Violent Posts
U1567,user_2,Tech,WATCH: Open A Bottle Of Champagne With... What!?
U5435,user_2,Tech,Everything You Need To Know Before You Download iOS 9
U0363,user_1,Entertainment,"This Is The Consequence Of Overinflated Footballs, Tom Brady"
U9596,user_1,Entertainment,The Kings Of 'Yo Mama Jokes' Are Back In Action
U8296,user_2,Tech,Hawaii Space Photos Prove Earth's Most Isolated Landmass Is Also Its Prettiest
U5687,user_2,Tech,EU Antitrust Regulators Order Apple To Pay Ireland Up To $14.5 Billion In Taxes
U3307,user_2,Tech,"Scientific Literacy? Politicians Make Embarrassing Gaffes About Science, Technology (PHOTOS)"
U2617,user_2,Tech,Watch What Happens To Your Phone When You Have Millions Of Instagram Fans
U7077,user_2,Tech,Your Phone Is Your Secret Weapon For Holiday Shopping
U8623,user_3,Entertainment,'Minder' Actor George Cole Dead At Age 90
U9642,user_1,Entertainment,Jennifer Lawrence Has Perfected The Power Stance In New 'Mockingjay - Part 2' Teaser
U0409,user_2,Tech,"Rosetta, ESA's Comet-Chasing Space Probe, Waking Up After Long Sleep"
U3722,user_3,Entertainment,"First Nighter: Schilling, Dinklage, Edwards Spend 'A Month in the Country'"
U8388,user_3,Entertainment,Madonna & Lady Gaga's 'Express Yourself' vs. 'Born This Way' Drama Continues (VIDEO)
U3882,user_2,Tech,Is BFD The Next LOL?
U9479,user_3,Entertainment,"Marnie The Dog Goes Shopping, Has The Derpiest Time"
U2766,user_1,Entertainment,"Lily Tomlin May Be A 'Grandma,' But This Is Her Year"
U9310,user_3,Entertainment,Here's Why Being A Disney Princess Would Be Super Awkward
U8105,user_1,Entertainment,Thanks to Glenn Lowry
U6177,user_1,Entertainment,15 Minutes With Slash
U4719,user_2,Tech,Neil DeGrasse Tyson Fact-Checked The New 'Star Wars' Movie
U9913,user_1,Entertainment,Jessa Duggar Marries Ben Seewald
U8353,user_3,Entertainment,Watch James Franco Take Off His Shirt And Get Hit In The Face
U8874,user_2,Tech,Samsung Is Losing Its Edge
U5250,user_1,Entertainment,4 Big Takeaways From Last Night's 'The Walking Dead'
U9178,user_1,Entertainment,The Five Things You Say That Make You Sound Stupid
U2521,user_1,Entertainment,Chrissy Teigen Says She Knows Which Actress Bit Beyoncé In The Face
U9644,user_3,Entertainment,Cinefantastique's Here's What's Going On:  The Man Behind Despicable Me 2's Minions
U8153,user_3,Entertainment,Why 'RuPaul’s Secret Celebrity Drag Race' Is 'Realer' Than The Original Series
U6953,user_1,Entertainment,Nia Vardalos Shares Shirtless John Corbett Pic From Set Of 'My Big Fat Greek Wedding 2'
U1424,user_3,Entertainment,'Mission: Impossible 7' Shut Down Again Over Positive COVID-19 Tests
U1931,user_1,Entertainment,Disney Ends LA Times Ban After Film Critics Threaten Boycott
U5971,user_2,Tech,POLL: Who Was The Better Inventor?
U2958,user_3,Entertainment,Bill Maher Thanks Donald Trump For Exposing 'Hypocritical' Evangelicals
U2885,user_1,Entertainment,Mark Cuban Offers To Help People Scared Of A Donald Trump Presidency In Parody Clip
U2144,user_2,Tech,Venus Transit: National Parks Prepare For Rare Celestial Event
U4548,user_1,Entertainment,9 Songs That Speak To Your Soul As Much As They Did In 2005
U3534,user_1,Entertainment,'Farmland' Should Win Awards as Best Documentary
U1312,user_1,Entertainment,Chaka Khan Enters Rehab For Addiction To Prescription Painkillers
U0470,user_2,Tech,"Early Human Explorers? Neanderthals, Homo Erectus May Have Been Mediterranean Mariners"
U1544,user_2,Tech,NASA Mars Rover 'Curiosity' Closing In On Red Planet To Seek Life Clues
U9591,user_2,Tech,"Netflix Is Working On Letting You Watch TV Shows, Movies Without Internet"
U5759,user_1,Entertainment,The Man 'Super Mario' Was Named After Dies At 84
U8892,user_2,Tech,Does Academic Freedom Give Professors the Right to Teach Whatever They Want?
U5311,user_1,Entertainment,Jennifer Lawrence Is Reportedly Single
U7511,user_2,Tech,"Saturn Moons Enceladus, Dione Captured In New Cassini Probe Flyby PHOTOS"
U2995,user_2,Tech,Interruption-driven Content Consumption
U7958,user_3,Entertainment,Lamar Odom Enters Rehab Nearly One Year After Collapsing In Brothel
U0319,user_2,Tech,Virgin Galactic's SpaceShipTwo Space Plane Goes Supersonic In Third Test Flight (VIDEO)
U1510,user_2,Tech,"Life's Elusive X-Factor? Cocktails at The Carlyle With NASA's Senior-most Scientist on Origins of Life, Andrew Pohorille"
U7983,user_3,Entertainment,'Downton Abbey' Meets Mozart At The Met Opera
U2762,user_3,Entertainment,Kelly Clarkson's 'Game Of Thrones'-Themed Christmas Card Is Everything
U2338,user_1,Entertainment,"Kate McKinnon Still Can't Find Her Emmy, But Wishes It Well On Next Adventure"
U0235,user_2,Tech,Landing on Mars Takes the Right Stuff
U2411,user_1,Entertainment,Meet The Hulking Young Stars Of Senegal -- Professional Wrestlers
U6295,user_3,Entertainment,Rachel McAdams Doesn't Look Like This Anymore
U9938,user_3,Entertainment,FKA Twigs Is Not Alternative R&B
U4034,user_3,Entertainment,Adele Just Broke A Billboard Record Set By Carole King
U6119,user_1,Entertainment,Celebrities Instagram Their Thanksgiving Meals Like You Do
U2654,user_2,Tech,Best Google Bug Ever Adds 'Praise The iPad' To Text-To-Speech Commands (VIDEO)
U9412,user_2,Tech,"Hey, Apple! Get Off My Tail!"
U4989,user_2,Tech,Kids' Space Art Will Remind You To Marvel At The Wonders Of Our Universe Like A Child
U3217,user_2,Tech,Europe Wants U.S. Companies Like Google To Play By New Privacy Rules
U0293,user_2,Tech,Invite-a-Scientist
U1561,user_1,Entertainment,The Backstreet Boys And The Spice Girls Might Reunite For An Epic Tour
U1614,user_3,Entertainment,India's Biggest Art Star Is Not A Pipe
U3623,user_1,Entertainment,John Oliver Nails The Most Terrifying Part Of Donald Trump's Legacy
U9968,user_2,Tech,Defcon 2012 Conference: Hackers To Meet With U.S. Spy Agency Chief
U6315,user_1,Entertainment,Amber Rose's New Emoji Line Blatantly Calls Out Bill Cosby
U2893,user_1,Entertainment,Jimmy Fallon's Thank You Notes (VIDEO)
U2496,user_2,Tech,Social Media Con Artists
U0016,user_1,Entertainment,"Taylor Swift Drops New Single ‘Gorgeous’ And It's, Well, Gorgeous"
U0428,user_2,Tech,"You're Not a Chimpanzee, So Don't Make Love Like One"
U2331,user_3,Entertainment,These Are The GIFs That Made America Smile Again In 2016
U7704,user_3,Entertainment,'Sesame Street' Vows To 'Speak Out Against Racism' Amid Ongoing Protests
U5359,user_2,Tech,Batman Psychology: Psychologist Takes Clinical Look At Comic Book Character
U8177,user_2,Tech,"'Peking Man' Was Sophisticated & Meticulous About Clothing, Artifacts Suggest"
U4880,user_2,Tech,Atlantic Gray Whale Fossil Found Off Georgia Coast
U0315,user_2,Tech,Amazon Founder Offers To Send Donald Trump To Space
U4157,user_1,Entertainment,This Is How Keira Knightley Tries To Stay Grounded
U9107,user_1,Entertainment,This Is Why You Don't Ask Jamie Foxx About Katie Holmes
U5195,user_2,Tech,Sherry Turkle On The Power Of Talking (Face To Face)
U2050,user_1,Entertainment,"'Battleship' Reviews, Pauly D And More: The Week In Ouch"
U7178,user_1,Entertainment,Herd Of Deer Encounters Strange New Creature Called 'Cat'
U9981,user_2,Tech,11 Science Facts That Seem More Like Science Fiction
U7849,user_3,Entertainment,Selena Gomez Keeps It Casual In Cutoff Denim Shorts
U9533,user_1,Entertainment,Dwayne ‘The Rock’ Johnson Welcomes Second Child With Girlfriend Lauren Hashian
U6374,user_2,Tech,'Phubbing' is ruining American relationships
U8182,user_2,Tech,Saturn Storm: NASA's Cassini Observations Show 'Almost Unbelievable' Temperature Spike
U3537,user_1,Entertainment,Alec Baldwin Will Play Trump On ‘SNL’ The Day After The Inauguration
U9300,user_3,Entertainment,Total Dick From Future Black Friday Shows Off New Time Machine
U5834,user_3,Entertainment,This Fan Theory Will Make You Believe 'Lilo & Stitch' Was A Spy Movie In Disguise
U1845,user_3,Entertainment,"This Guy May Be Passionate, But He's Definitely Not An Idiot"
U9265,user_3,Entertainment,Carrie Underwood Will Honor Military Families With Free Concert
U2046,user_3,Entertainment,Sean Penn Confirms Steve Bannon Was A 'Bitter Hollywood Wannabe'
U9437,user_2,Tech,Koko The Gorilla Probably Doesn't Understand Climate Change
U9656,user_2,Tech,"Alien Life Unlikely To Survive Around Dying Stars In Shifting Habitable Zones, Study Suggests"
U6185,user_2,Tech,Arrested Development Premiere May Account For More Than 5 Percent Of Netflix Bandwidth Usage
U6232,user_1,Entertainment,Alicia Keys Hopes To 'Make The World A Better Place' With Nude Photo
U6420,user_1,Entertainment,"Emma Watson Conjured Up A 'Harry Potter' Reunion Pic, And It's Magical"
U2111,user_1,Entertainment,I On Exceptional Living: Nikki Haskell's Newest Project -- Flashback To The Future
U9201,user_2,Tech,Toyota Introduces Wearable Device For The Blind
U2932,user_2,Tech,Chimpanzee Memory Study Suggests Apes' Short-Term Recall Better Than Humans'
U0146,user_1,Entertainment,"Rosa G's ""King-Size Candy"" Is the Halloween Anthem We Have All Been Waiting for"
U3993,user_2,Tech,Information and Access: Human Rights and the Internet
U9578,user_3,Entertainment,Mariah Carey's 'All I Want For Christmas Is You' Hits No. 1 For The First Time Ever
U3759,user_1,Entertainment,Recipe for a Musical Holiday
U8421,user_3,Entertainment,If Donald Trump Wrote The Bible
U6034,user_2,Tech,Saudi Prince Who Owns Much Of Twitter Sees IPO By Early 2014
U7759,user_2,Tech,Richard Dawkins and the Mating Dance of Planets
U9787,user_1,Entertainment,Sacha Baron Cohen: Trump's 'Conspiratorial Madness' Threatens U.S. Democracy
U3644,user_2,Tech,Facebook IPO News Recap: Everything You Missed From The Social Network's Big Day
U7023,user_1,Entertainment,Chelsea Handler Thinks America Is Full Of 'Educated Intellectual Racists'
U9822,user_3,Entertainment,The Trump Cabinet Guide To Complimenting People In Your Life
U8345,user_2,Tech,How Tech Helped Us -- Or Didn’t -- In 2015
U5991,user_3,Entertainment,Khloe Kardashian On The Hide-And-Seek Game That Went Horribly Wrong
U8649,user_1,Entertainment,The Singer Of This Hardcore Band Is A 67-Year-Old Great-Grandma
U7203,user_2,Tech,JebBush.com Takes You To Donald Trump's Website
U5660,user_3,Entertainment,"Hey, 'Love Actually' Fans: Natalie And David Are Still Together!"
U6005,user_2,Tech,'Trump Filter' Erases The Donald From Your Chrome Browser
U5802,user_3,Entertainment,Halloween Costume Ideas Inspired By The Whimsical World Of Katy Perry
U1834,user_2,Tech,Scientists Use DNA 'Velcro' To Print Human Tissue In The Lab
U4628,user_3,Entertainment,Hot State Representatives Are Standing By To Hear Your Concerns
U0492,user_1,Entertainment,How to Tell if You're Dating a Real Man
U3473,user_1,Entertainment,Don't Expect To See Kim Kardashian Give Birth On TV Again
U8204,user_2,Tech,Vaccinations: An Epidemic of Misinformation
U1339,user_2,Tech,White House Wants To Close Homework Gap
U9532,user_1,Entertainment,8 Things You Learned From Movies That Are Actually Lies
U3619,user_2,Tech,"They're Here! Apple Announces New iPhone 6S, iPhone 6S Plus"
U5820,user_2,Tech,Florida Man Blames Samsung Galaxy Phone For Setting Jeep Ablaze
U4519,user_1,Entertainment,Italian Woman Explains Italian Hand Gestures And Now We All Get It
U9313,user_1,Entertainment,Guy Annoys Coworkers With The Best Puns Ever
U0704,user_3,Entertainment,The Untold Story of The Kid On The Team Who Was Replaced By 'Air Bud'
U3596,user_1,Entertainment,New ‘Beauty And The Beast’ Character Posters Will Make You Smile Like a Kid
U6556,user_2,Tech,Cyber Monday 2015: The Best Deals Around The Web
U2423,user_2,Tech,"As World Turns More Slowly, We Face Earthquake Boom, Scientists Warn"
U8176,user_3,Entertainment,Britney Rocks Short Shorts And High Heels For A Day At Disneyland
U2472,user_1,Entertainment,Carrie Underwood Says She 'May Or May Not Have Cried' After Getting Caught Speeding
U6530,user_1,Entertainment,"Kanye West Discusses 'Anti-Semitic' Comment, Calls It 'Ignorant Compliment'"
U5421,user_1,Entertainment,Whirled Peas
U4408,user_3,Entertainment,'SNL': Stefon Marries Anderson Cooper On Bill Hader's Last Show (VIDEO)
U4919,user_2,Tech,"'Alien' Sea Creature Caught, Freaks Everyone Out"
U7171,user_1,Entertainment,Stage Door: Breaking The Silence With Girl Be Heard
U0343,user_2,Tech,More boys are diagnosed with cancer than girls worldwide - why?
U2446,user_3,Entertainment,Watch The First Four Minutes Of 'Walking Dead' Season 5
U7785,user_3,Entertainment,Julia Roberts Says 'Pretty Woman' Director Garry Marshall Was 'A Giant In Every Way'
U1194,user_2,Tech,"WhatsApp Is Blocked In Brazil, Again"
U2918,user_1,Entertainment,Is Marriage The Kiss Of Death?
U7395,user_2,Tech,These Retired Lab Chimps Are Already Loving Their New Home
U2524,user_2,Tech,World's Brightest X-Ray Laser Is Getting A Big Upgrade
U3068,user_1,Entertainment,Is This The First Photograph Of A Human Being?
U6181,user_1,Entertainment,New Artist Reviews: Qualia
U5314,user_1,Entertainment,'Moonlight' Director Barry Jenkins Drunkenly Live-Tweets 'Notting Hill'
U7865,user_2,Tech,Scientists Unearth Fossils Of Rats The Size Of Small Dogs
U7833,user_3,Entertainment,Ludacris Explains Why The New 'Fear Factor' Is Ludicrous
U1580,user_3,Entertainment,The 5 Best Fictional Holidays From Television
U5574,user_3,Entertainment,The Entire 'Scandal' Cast Just Got Pranked Bad
U5310,user_2,Tech,"Scientists Dissolve Everyday Objects In Acid, But One Item Surprisingly Survives"
U6782,user_2,Tech,"Nepal's Earthquake Made Mount Everest A Little Bit Shorter, Scientists Say"
U0394,user_1,Entertainment,Winter Is Coming
U1052,user_3,Entertainment,"Trump Has No Policies To Discuss, So How About These Funny Pics Of Him?"
U3851,user_2,Tech,'Angry Birds 2' Is Officially Coming This Summer
U1636,user_2,Tech,Netflix Gained 3.6 Million More Subscribers In 3 Months
U1634,user_3,Entertainment,13 Super Confused Dogs (VIDEO)
U8521,user_3,Entertainment,The Best Late Night Clips Of The Week (VIDEO/PHOTOS)
U5277,user_1,Entertainment,Kanye West Gave The Most Kanye West Graduation Speech Ever
U1650,user_1,Entertainment,"Mariah Carey Does Will Ferrell's Makeup, Reveals She's A Closet 'Elf' Fan"
U4085,user_1,Entertainment,Why Ted Cruz Should Drop Everything And Watch 'Zootopia' Immediately
U3497,user_3,Entertainment,The Best Late Night Clips of the Week (VIDEO/PHOTOS)
U3688,user_1,Entertainment,"Taylor Swift Stalker Breaks Into Singer's Home, Takes Nap"
U6090,user_2,Tech,Mysterious Yellowstone Geyser Eruptions Stump Scientists
U8630,user_2,Tech,"Billions Of Cicadas Are About To Rise From The Earth, Have Sex And Die"
U9016,user_1,Entertainment,This Frosty The Snowman Wears A Donald Trump Hat And Hates Snowflakes
U6422,user_2,Tech,Critics Eating Crow: Google+ Becomes Second Largest Social Platform
U5020,user_2,Tech,"'Smart Glass' Blocks Light, Adjusting To Wavelengths On Command With New Technology"
U0130,user_2,Tech,This Video May Help You Wrap Your Head Around 'Quantum Foam'
U7963,user_3,Entertainment,"Bill Maher Bashes Supreme Court Over Voting Rights, Citizens United: 'You F*cked Up, You Shouldn't Have Trusted Us'"
U9234,user_3,Entertainment,A Trove Of 'Lost And Found' Photos Reveal One Mystery Couple's Beautiful Life
U2365,user_1,Entertainment,Listen To M.I.A.'s New Very M.I.A. Song
U4455,user_2,Tech,Apple Invests $1 Billion In Uber's Chinese Competitor Didi Chuxing
U2136,user_1,Entertainment,Blink 182's 'What's My Age Again?' Gets The Grand Theft Auto Remake You've Always Wanted
U8969,user_3,Entertainment,Watch Tina Fey And Amy Poehler Throw A Total Rager In 'Sisters' Trailer
U6526,user_2,Tech,Silicon Valley Vows To Improve Tech For People With Disabilities
U3598,user_2,Tech,"Eta Aquarid Meteor Shower Peaks Today, May 5"
U7458,user_3,Entertainment,Katy Perry Promises ‘The Revolution Is Coming’ Amid Trump Victory
U2122,user_2,Tech,"Ice Cream Sandwich Updates: HTC Rezound And Nexus S Get Android 4.0, Motorola Razr And Razr MAXX Delayed"
U6734,user_3,Entertainment,Georgia Official Calls For Criminal Investigation Of Alleged R. Kelly 'Cult' (UPDATE)
U9484,user_2,Tech,"In A Twist, Kim Kardashian Gets People To Click Away From Instagram"
U5100,user_2,Tech,Black Hole Eats A Star The Size Of Our Sun... And Burps
U1565,user_1,Entertainment,How To Read A Bad Book By A Great Author
U8706,user_3,Entertainment,'Scandal' Star Columbus Short Arrested Again
U6329,user_3,Entertainment,"Kelly Clarkson Rejects 'Moment Of Silence,' Calls For Change At Billboard Music Awards"
U5257,user_1,Entertainment,The New 'Late Late Show' Host Is Ready To Meet America
U0974,user_2,Tech,Everything You Need To Know Before You Download iOS 9
U8767,user_1,Entertainment,Jordan Klepper Asks Trump Supporters To Explain Biden Conspiracy Theory And... Wow
U9382,user_1,Entertainment,Seth Meyers Dissects Donald Trump's Many Lies (Again)
U6928,user_1,Entertainment,Getty Images Confuses Actress Kelly Marie Tran With Olympian Mirai Nagasu
U4249,user_2,Tech,Google Tries To Win Back Microsoft Defectors With Free Software
U4117,user_3,Entertainment,Pretty Little Liars Fans Still Reeling from Mona's Death
U8814,user_1,Entertainment,Angelina Jolie Throws Subtle Dig At Jon Voight In Powerful Tribute To Her Mother
U1284,user_1,Entertainment,Richard Kind in 'Travesties' at Bay Street Theater: Poetry and Politics on the Isle of Yachts
U0710,user_2,Tech,Summer Solstice Space PHOTO: Satellite Captures Planet Passing Annual Milestone
U0225,user_3,Entertainment,Female Film Workers In Georgia Ask Hollywood Not To Boycott Over Anti-Abortion Law
U3420,user_3,Entertainment,Celebrities React To Charleston Church Shooting
U9881,user_3,Entertainment,Joseph Gordon-Levitt Recalls Edward Snowden's 'Old-Fashioned Manners' In First Meeting
U8885,user_2,Tech,3 Awesome Things We Learned About Plants in 2013
U5704,user_1,Entertainment,Fragments of Femininity: A Comparative Analysis of the Art of Tracey Emin and Kiki Smith
U8507,user_2,Tech,Leech Cocoon Containing Vorticella-like Animal Found Fossilized In Antarctica
U3646,user_2,Tech,RIP Nyan Cat: A Musical Tribute by Keyboard Cat
U7562,user_1,Entertainment,Victoria Justice: 'There's No Feuding Going On Right Now' Between Me And Ariana Grande
U1350,user_3,Entertainment,"What To Do When Your Intern Dies, But There's Still A Job To Do"
U4113,user_1,Entertainment,The Little Girl From The Oscars Was In The Dark About Chris Rock's Lazy Asian Joke
U2801,user_2,Tech,Massive Magma Chamber Discovered Under Yellowstone
U1246,user_1,Entertainment,These #HalloweenFail Tweets Are The Most Hilarious Horror Stories
U5718,user_2,Tech,Pin This -- Pinterest Releases Android and iPad Apps
U1264,user_2,Tech,Google Paid Apple $1 Billion To Keep Search Bar On iPhone
U3802,user_2,Tech,Instagram Hits A Major New Milestone
U1160,user_2,Tech,MIT Scientists Created A Plane That Flies With No Moving Parts
U2790,user_2,Tech,LISTEN: The Woman Who 'Sees' Like A Bat
U9760,user_1,Entertainment,Kylie Jenner's Snapchats May Be A Message To Tyga Following Split
U7371,user_1,Entertainment,Celeb-Filled Hurricane Harvey Telethon Expands To Include Victims Of Irma
U6349,user_2,Tech,All It Takes To Buy A Stolen Password On The Internet Is 55 Cents
U8549,user_2,Tech,"Mars Rover Landing Set For August 5, NASA's 'Curiosity' Team Says"
U9572,user_3,Entertainment,Carly Rae Jepsen And Bob Saget Hit The Stage To Perform The 'Full House' Song
U2033,user_1,Entertainment,"The Evocative Photos Of Aleksandr Rodchenko, Who Changed The Way We See Photography"
U0820,user_1,Entertainment,"Hey, 'Love Actually' Fans: Natalie And David Are Still Together!"
U4755,user_1,Entertainment,Michael Bublé Melts Your Heart While Singing NSYNC To His Son
U7903,user_3,Entertainment,Meghan McCain Rips Joy Behar For Bringing Up Trump During George H.W. Bush Remembrance
U0927,user_3,Entertainment,Justin Timberlake Brings 'Can't Stop The Feeling' To The Eurovision Stage
U2781,user_3,Entertainment,First Nighter: Encores! Irma La Douce Isn't So Sweet
U0788,user_3,Entertainment,"'I Reunited With My Birth Mother, Who Says She Wishes She Never Had Me And That I Would Die'"
U0477,user_3,Entertainment,Mary Steenburgen's 'OITNB' Role Finally Revealed
U2804,user_2,Tech,Director Lesley Chilcott Urges Us To Call Out Gender Discrimination At Work
U0399,user_2,Tech,"The Days of Our Lives, One Day at a Time"
U6547,user_3,Entertainment,A Kindergarten Teacher Explains Social Media Stalking To Her Class
U5459,user_2,Tech,It Has to Be Seen to Be Believed
U5810,user_3,Entertainment,Conan O'Brien's Trip To Israel Was Hilarious -- And Heartbreaking
U2261,user_1,Entertainment,Marc Anthony And Wife Shannon De Lima Split After Two Years Of Marriage
U0384,user_2,Tech,Teen Who Works At NASA And Has 2 Degrees Says He's No 'Genius'
U2646,user_2,Tech,Summer Solstice Space PHOTO: Satellite Captures Planet Passing Annual Milestone
U1949,user_2,Tech,What's The Future Of Bitcoin Mining?
U3246,user_2,Tech,"After Decades Of Effort, Chemists Overseas Report 'Nano' Breakthrough"
U3216,user_2,Tech,"Comet ISON Mission To Use Balloon Platform To Observe 'Comet Of Century,' Scientists Say"
U9326,user_2,Tech,Explore Mars In 360 Degrees With Rover's New Interactive Photo
U7006,user_3,Entertainment,Seth Meyers: Trump's 'Unhinged' Tweets Are Haunting His Staff
U7719,user_1,Entertainment,The 20 Greatest Movie Songs Robbed of Oscar Nominations
U3109,user_1,Entertainment,Last Known Person To See 7-Year-Old Kyron Horman – Where Does She Think He Is?
U7496,user_3,Entertainment,Homer Simpson Gives Jimmy Kimmel A Whistle Stop Tour Of Springfield
U8325,user_1,Entertainment,William And Kate Tweet At Camila Cabello After She Admits Palace Theft
U8814,user_1,Entertainment,'Mockingjay' Tops Thanksgiving Weekend Box Office
U3098,user_1,Entertainment,Lance Armstrong's Tour De F-Bomb In ESPN Documentary Riles Up Critics
U2277,user_2,Tech,Neil DeGrasse Tyson Weighs In On The Ultimate Sci-Fi Debate
U7457,user_2,Tech,Spilled Orange Juice on My Way to a Math Conference in Spain
U9262,user_3,Entertainment,Why Do Smart People Turn Stupid in Thrillers?
U0481,user_3,Entertainment,Stephen Colbert Bashes Trump And Nixon At Same Time In One Glorious Bit
U0433,user_2,Tech,TikTok Search Results Riddled With Misinformation: Report
U6124,user_2,Tech,Watch Every iPhone Ever Face The Ultimate Speed Test
U1142,user_1,Entertainment,An Artist Confronts His Possible Futures
U3270,user_3,Entertainment,James Corden Reveals The Worst Part Of The Royal Wedding Ceremony
U4077,user_1,Entertainment,Jonathan Knight And Boyfriend Join The Cast Of 'Amazing Race'
U4194,user_3,Entertainment,Vanessa Hudgens 'Spring Breakers': 'Crazy Party Girl' With Selena Gomez
U3171,user_1,Entertainment,Emma Watson Reportedly Dating 'Glee' Star Chord Overstreet
U4382,user_2,Tech,Mark Zuckerberg Is Building An A.I. Butler To Help Around The Home
U5079,user_1,Entertainment,Bob Odenkirk Gives Health Update While Recovering From Heart Attack
U6944,user_2,Tech,YouTube Boosts Female Content Creators With Two New Initiatives
U8985,user_1,Entertainment,9 Clinton Baby Onesies We Wish Actually Existed
U7940,user_2,Tech,Antikythera Mechanism: New Light Shed On The 'World's Oldest Computer' (VIDEO)
U5860,user_1,Entertainment,Miley Cyrus And Ellen Play Highly Suggestive 'Wrecking Balls' Game
U2285,user_1,Entertainment,CBS Cancels Jeremy Piven Show Amid Sexual Assault Allegations
U8438,user_3,Entertainment,Benedict Cumberbatch Freaks Out Over The Election Like Everyone Else
U9209,user_2,Tech,You Can Now Save Instagram Posts For Later (Without Taking A Screen Shot)
U3524,user_2,Tech,Amazon Just Added More Dash Buttons
U5204,user_2,Tech,Cherie Blair: Apple Shouldn't 'Ignore The Power Of The Woman Consumer'
U0496,user_2,Tech,Asteroid 2012 EG5 Gives Earth Close Shave On April Fools' Day
U3363,user_1,Entertainment,Jennifer Garner Is Returning To TV In Lena Dunham HBO Comedy
U8310,user_3,Entertainment,The Making of Them: TV Documentary Review (belated)
U9318,user_1,Entertainment,Amber Rose's New Emoji Line Blatantly Calls Out Bill Cosby
U1832,user_1,Entertainment,Kendall Jenner Is White Hot In A Minidress
U5390,user_1,Entertainment,'Ghostbusters' Director Says He Won't Reboot Another Classic Movie
U7245,user_2,Tech,Leech Cocoon Containing Vorticella-like Animal Found Fossilized In Antarctica
U4595,user_1,Entertainment,This Trippy Disney Mashup Is Your New Earworm
U2399,user_2,Tech,"Religious People More Likely To Feel They're Addicted To Porn, New Study Shows"
U7160,user_3,Entertainment,Drew Carey Of 'Price Is Right' Takes Scary Fall After Contestant Hug
U9330,user_2,Tech,Dust Mites Study Shows Reversible Evolution Is A Reality & Contradicts 'Dollo's Law'
U6264,user_1,Entertainment,Green Rush Munchies
U4394,user_1,Entertainment,J.K. Rowling Reveals What Her Horcrux Would Be (If She Had To Make One)
U9901,user_2,Tech,We Need Scientific Integrity In Cannabis Policy
U2140,user_3,Entertainment,The Second Best Exotic Marigold Hotel Is First Rate Entertainment
U1893,user_2,Tech,Egypt Shuts Down Facebook’s 'Free Basics' Internet Service
U9430,user_2,Tech,More Bad News For Android Users
U9941,user_2,Tech,Opera Web Browser Introduces Anti-Censorship Tool
U5389,user_2,Tech,Uber To Start Banning Riders With Low Ratings
U5923,user_3,Entertainment,"These Stars Are Telling You You One Last Time 'Holy S**t, You've Got To Vote'"
U8598,user_1,Entertainment,"George R. R. Martin Loves Marvel, But Not Marvel's Movie Villains"
U0055,user_1,Entertainment,36 Of The Funniest Political Impressions Ever (VIDEO)
U2708,user_1,Entertainment,Ellen Burstyn Predicts The Future: 'We'll Be The Dogs Of The Robots'
U0834,user_3,Entertainment,Jason Aldean Honors Las Vegas Victims In Surprise Appearance On 'SNL'
U2676,user_2,Tech,5 Ways Modern Science Is Embracing Ancient Indian Wisdom
U1212,user_1,Entertainment,"Tina Fey Lip Syncs To Beyoncé And It's #Flawless, Obviously"
U3512,user_3,Entertainment,Robert De Niro To White House Correspondents' Association: 'Strap On Your Balls'
U7159,user_2,Tech,Apple Is Said To Be Working On An iPhone Even It Can’t Hack
U3299,user_2,Tech,Nintendo's Latest 'Zelda' Arrives In October
U5235,user_2,Tech,Apple To Replace Some iPhone 6 Plus Models Over Faulty Cameras
U2123,user_1,Entertainment,'Austin Powers' Actor Hospitalized After Suffering Seizure
U3743,user_2,Tech,What Exactly Is The Microwave Doing To Your Food? Here's The Science
U9945,user_2,Tech,How The Shape Of Your Glass Affects Your Drinking Behavior
U4519,user_2,Tech,"Volcano Study Shows Surprising Shifts In Gravity, May Lead To Better Prediction Of Volcanic Eruptions"
U3813,user_2,Tech,Workers Just Unearthed A Centuries-Old Time Capsule Buried By Paul Revere
U9527,user_1,Entertainment,"Grey's AnatomyRecap: Everyone Can't Be Right in 'Could We Start Again, Please?'"
U0273,user_3,Entertainment,"Run, Alec, Run"
U6670,user_3,Entertainment,Watch Viggo Mortensen Go Off The Grid In This 'Captain Fantastic' Clip
U2739,user_2,Tech,Amazon To Sell Smart Locks So It Can Slip Packages Into Your Home
U0724,user_3,Entertainment,'Supergirl' Star Melissa Benoist Met Some 'Super' Girl Scouts On Set
U2315,user_3,Entertainment,A Peek Inside the Film Independence Day: Resurgence
U0203,user_1,Entertainment,Selena Gomez Says Francia Raisa Saved Her Life With Kidney Transplant
U3639,user_1,Entertainment,Christian Bale: We’d Be Better Off If ‘White Dudes’ Weren’t Running Everything
U6614,user_1,Entertainment,The Weeknd Looks Like He Got Beat Up At Video Music Awards
U7199,user_2,Tech,Do You Know Where Your E. coli Are?
U2019,user_1,Entertainment,'Once Upon A Time' Season 5 Opening Scene Revealed At Disney's D23 Expo
U3800,user_3,Entertainment,Seth Meyers: Trump's 'Unhinged' Tweets Are Haunting His Staff
U8891,user_1,Entertainment,U2 Sued For Allegedly Stealing 'The Fly' From British Songwriter
U8515,user_1,Entertainment,Ellen Remade The 'Fifty Shades Of Grey' Trailer And Now We Really Can't Take It Seriously
U5735,user_3,Entertainment,Madonna Singing With Classroom Instruments Is Reason To Celebrate
U8537,user_2,Tech,Iconic Physicist Stephen Hawking Dies At 76
U9521,user_2,Tech,Think Weather Forecasts Are Bad? Try Forecasting A Volcanic Eruption.
U5992,user_2,Tech,Google Is Pressing Feds To Get Driverless Cars On The Road
U9103,user_2,Tech,Alone In A Room Full Of Science Writers
U1021,user_3,Entertainment,MTV Movie Awards Moments That Surprised Viewers
U7428,user_2,Tech,Cyber Monday 2015: The Best Gift Ideas For Friends And Family
U9635,user_1,Entertainment,"'The Force Awakens' Star Wars Fans, Crashing Online Ticket Sales"
U1544,user_1,Entertainment,This Aussie Concert Venue Just Banned Filming Gigs On Your Phone
U8625,user_2,Tech,Walmart Wants To Test A Drone Delivery Service
U3591,user_2,Tech,Why Do Southern Drawls Sound Uneducated To Some? Study Suggests Media Exposure Plays Role
U0641,user_3,Entertainment,Ellie Goulding And James Corden Perform 'Love Me Like You Do' Remix
U0657,user_2,Tech,American Women Are Getting More Sleep Than Men
U4633,user_2,Tech,Silicon Valley Vows To Improve Tech For People With Disabilities
U2195,user_2,Tech,YouTube Networks: An Inside Look At Their Unsavory Business Practices
U6953,user_2,Tech,Twitter Quitters Highlight Problem In Company's Quest To Go Mainstream
U8053,user_2,Tech,Hewlett-Packard Is Splitting Into Two Companies
U0843,user_2,Tech,Australia Joins The Hunt For Aliens With A Huge Dish Telescope
U9222,user_3,Entertainment,All The Christmas TV Episodes On Netflix Worth Watching
U7949,user_1,Entertainment,Another Doctor Won't Be Making The Rounds On 'Grey's Anatomy'
U1781,user_1,Entertainment,Watch Mariah Carey Tease A Blindfolded John Legend Onstage In Vegas
U9133,user_3,Entertainment,"After Ban, Syrian Refugee Will Get To Attend The Oscars For Nominated Documentary"
U8237,user_3,Entertainment,"Bassnectar Debuts Two New Hard-Hitting Tracks, Talks New Album 'Unlimited'"
U4115,user_3,Entertainment,Jimmy Kimmel Coaxes Wild 48-Hour Marriage Story Out Of Audience Member
U5090,user_2,Tech,New 'Star Wars Battlefront' Trailer Reveals Massive Aerial Battles
U3615,user_2,Tech,Weather Channel Destroys Breitbart Over BS Climate Change Story
U3370,user_2,Tech,Men Aren't The Only Ones Who Get Turned On By 'Lingerie'
U0670,user_3,Entertainment,Tiger Woods’ Big Regret Is A Surprising One In New Q&A
U2810,user_3,Entertainment,Adele Feared For Her Life After Smoking 25 Cigarettes A Day
U0765,user_1,Entertainment,"Roseanne Roasts Politicians: Romney, Obama, Christie & More (VIDEO)"
U6447,user_3,Entertainment,Aziz Ansari Gets Variety's Power of Comedy Award
U4779,user_2,Tech,"Universe Has Finite Lifespan, Higgs Boson Calculations Suggest"
U2062,user_2,Tech,Is Expert Testimony in Court Cases Really Expert?
U0903,user_3,Entertainment,'Grizzly Adams' Star Dan Haggerty Dead At 74 After Cancer Battle
U2643,user_2,Tech,Does The World Need A ‘Marshall Plan’ For Technology?
U7112,user_2,Tech,"Religious People More Likely To Feel They're Addicted To Porn, New Study Shows"
U5135,user_3,Entertainment,No One Was Ready For Taylor Swift To Drop Her New Song Teaser
U2651,user_2,Tech,Toyota Makes Major Investment In Artificial Intelligence
U7127,user_2,Tech,Nintendo Stock Tanks Despite 'Pokemon Go' Craze
U0735,user_3,Entertainment,'The Daily Show' Analyzes Third-Party Candidates (So You Don't Have To)
U2314,user_3,Entertainment,'Godfather' Actor Alex Rocco Dead At 79
U1901,user_3,Entertainment,"""Prisoners"" is Hauntingly Effective"
U4601,user_2,Tech,Astronaut's Bubbly Experiment Shows Off Incredible New ISS Camera
U7409,user_1,Entertainment,My Pet Sounds
U1169,user_1,Entertainment,Hilary Duff Goes Makeup-Free On Vacation
U3664,user_1,Entertainment,Celebrate Thanksgiving With The 15 Best Meals In Art
U8811,user_3,Entertainment,The Best Late Night Clips of the Week (VIDEO/PHOTOS)
U8256,user_3,Entertainment,Sónar Festival Offers More Than You Might Expect
U8799,user_2,Tech,Most In US Will Use Amazon For Online Holiday Shopping This Year
U3467,user_3,Entertainment,Taylor Swift And Tom Hiddleston Have Reportedly Broken Up After Months Of Annoying Everybody
U8921,user_1,Entertainment,'Fantastic Four' Co-Stars Jamie Bell And Kate Mara Are Engaged
U1125,user_2,Tech,Lost Moon Probes: Scientists Search Lunar Surface For Signs Of Historic Spacecraft
U6350,user_3,Entertainment,Arnold Schwarzenegger Isn't Bothered By Donald Trump's Twitter Hate
U7872,user_1,Entertainment,Stephen Colbert Remakes Steve Bannon Into A Nazi Street Fighter
U0465,user_3,Entertainment,"Carrie Fisher 1956-2016: Good Night, Sweet Princess"
U6372,user_1,Entertainment,Did Eminem Actually Threaten President Trump?
U3522,user_1,Entertainment,Natalie Portman As Jackie Kennedy: 'Black Swan' Actress In Talks To Play First Lady
U3154,user_1,Entertainment,Great Conversations: Helen Mirren
U6835,user_2,Tech,"Tesla Autopilot Was Engaged During Horrific 60 MPH Crash, Driver Tells Police"
U6890,user_3,Entertainment,Andy Richter Returns As Conan's Sean Spicer After Greatest Monologue Ever
U4802,user_2,Tech,Astronomy Photos 2012: Royal Observatory Greenwich Announces Contest Winners (PHOTOS)
U1653,user_1,Entertainment,Dakota Johnson Cast In '50 Shades Of Grey' As Anastasia Steele
U6727,user_1,Entertainment,Rookie From Low Minors Hits Home Run On His First MLB Swing. Parents Erupt.
U5519,user_2,Tech,DISCOVERED: Ancient Forest Fire Locked In Stone
U6877,user_2,Tech,Teen Who Works At NASA And Has 2 Degrees Says He's No 'Genius'
U3417,user_2,Tech,These Toothless Giants Once Ruled The Skies
U3112,user_3,Entertainment,'Django Unchained' Trailer Changes: The Difference Between The U.S. & International Trailers (VIDEO)
U9408,user_3,Entertainment,The Kardashians Do Christmas Eve In Tiny Dresses And Plenty Of Sequins
U9625,user_1,Entertainment,Carrie Fisher Wanted Her 'Fantastic Obit' To Read Something Like This
U0028,user_2,Tech,NYT: Mass Surveillance Isn't The Answer To Fighting Terrorism
U9864,user_1,Entertainment,Mischa Barton Successfully Prevents Ex From Distributing 'Revenge Porn'
U2140,user_2,Tech,Facebook Goes 'Live' Following Prince's Death
U5232,user_3,Entertainment,Claire Danes Is Expecting Baby Number Two With Hugh Dancy
U9497,user_3,Entertainment,'SNL' Jokes Hillary Clinton's Private Emails Were Just 'Fun Woman Talk'
U9997,user_2,Tech,Fake YouTube Views Cut By 2 Billion As Google Audits Record Companies' Video Channels
U6886,user_3,Entertainment,Ben Affleck Can't Sing 'Let It Go'
U2362,user_3,Entertainment,"Cary Fukunaga On 'Beasts Of No Nation,' His Netflix Gamble And The End Of 'True Detective'"
U5476,user_2,Tech,'Bend It Like Beckham' Soccer Equation Tells How David Beckham Kicks Curving Shot
U1187,user_1,Entertainment,Meryl Streep Movies: Looking Back At Her Career On Her 64th Birthday
U9974,user_3,Entertainment,Cyndi Lauper: Kinky Boots' Geek Chic
U3083,user_2,Tech,Binge-Watching Netflix Is Making You Feel Lonely And Depressed
U6410,user_1,Entertainment,Patton Oswalt Reveals Wife Michelle McNamara's Cause Of Death
U3369,user_1,Entertainment,"Grammytech 4: A Conversation With Geoff Emerick, Plus Brooklyn's Leland Sundries (Exclusive Streamer)"
U3199,user_3,Entertainment,How 'Straight Outta Compton' Became A Summer Blockbuster
U5736,user_1,Entertainment,Memories
U2590,user_2,Tech,Why You Should Be More Interested in Mars Than the Olympics
U1881,user_3,Entertainment,RAILWAY MEN: A Film Review
U5358,user_2,Tech,Computers Can Now Read Our Body Language
U1418,user_3,Entertainment,Woman Admits She's Staying In 'Cesspool' Marriage Because Of Her Age and Fear
U8588,user_1,Entertainment,How the Top 10 Songs of 2014 Prepared Us for the New Year
U1854,user_1,Entertainment,Here Are The 10 Greatest Unseen TV Characters Ever
U2961,user_3,Entertainment,French Montana & 50 Cent Feud: Rapper Calls 50 An 'Old Man'
U5997,user_1,Entertainment,7 Oldies But Goodies To Binge-Watch On Netflix This Summer
U8924,user_2,Tech,"In Case You'd Forgotten, Chameleons Are Amazing"
U2772,user_1,Entertainment,'Daily Show' Correspondent Benefits From Trump's Muslim Ban
U3660,user_2,Tech,These Cringe-Worthy Stories Show It Can Be Hard For Women In Science
U9014,user_1,Entertainment,How to Break Through Writer's Block... by Sitting Around Doing Nothing (Except Meditating!)
U5768,user_3,Entertainment,"Pornosophy: Sex Objects, Object!"
U6298,user_2,Tech,Women Scientists' Academic-Hiring Advantage Is Unwelcome News for Some: Part 3
U4406,user_2,Tech,"I Am a Botanist (And No, I Don't Grow Marijuana)"
U3652,user_2,Tech,Kansas City Man Predicts ESurance Super Bowl Commercial Winner Before Announcement
U2275,user_3,Entertainment,Singer Al Jarreau Dead At 76
U3956,user_3,Entertainment,Evoluting Fabulously
U5503,user_2,Tech,Smart TVs Just Got Even Smarter
U7993,user_2,Tech,Bill Gates: Prioritizing Worldwide Internet Access Over Malaria Research Is A 'Joke'
U1232,user_1,Entertainment,Feast Your Eyes On This Beautiful 'Office' Reunion
U3205,user_2,Tech,"Vera Rubin, Astronomer Who Discovered The First Direct Evidence Of Dark Matter, Dead At 88"
U6352,user_3,Entertainment,'The Simpsons' St. Patrick's Day Without Alcohol Ends Predictably (VIDEO)
U1732,user_1,Entertainment,'SNL' Asks Honey Boo Boo Child And 'Mama' About Politics On 'Weekend Update' (VIDEO)
U0637,user_2,Tech,NASA's Spacecraft Juno Begins Orbit Of Jupiter
U0009,user_1,Entertainment,SNL’s Creepy ‘My Little Step Children’ Ad Puts A Dark New Spin On A Classic Toy
U0134,user_1,Entertainment,'SNL' Stages Musical Love Letter To NYC After Trump's 'Ghost Town' Diss
U0146,user_1,Entertainment,Pixar Releases First Trailer For 'The Good Dinosaur'
U0547,user_2,Tech,Why Closed Loop Data Can Disrupt Health Care
U5561,user_1,Entertainment,Tony the Tiger Doesn't Make Any Sense
U8136,user_3,Entertainment,"The Manly Pursuit of Desire: Heat ""Stroke"" at the Leslie-Lohman Museum of Gay and Lesbian Art"
U7186,user_2,Tech,"Your Next iPhone Might Not Have To Be Plugged In To Anything, Ever"
U7026,user_2,Tech,Cell Phone Radiation Is Getting Attention From The FCC
U8983,user_2,Tech,Video Shows What's Really Going On When You Text During Meetings
U5992,user_2,Tech,Revenge Of The Pokemon: Pikachu Fights Back In Gripping New CGI Video
U5968,user_2,Tech,"Kickstarter Hacked, Site Says Some Data Stolen"
U5582,user_2,Tech,How Magic Mushrooms Alter Your Mind Like A Dream
U4024,user_3,Entertainment,The Backstreet Boys And The Spice Girls Might Reunite For An Epic Tour
U2802,user_1,Entertainment,'Friends' Cast Says The 1 Thing Fans Won't Want To Hear
U3606,user_3,Entertainment,"Planet Politics: More Than We Admit, Trump Is Us"
U5050,user_1,Entertainment,Why Kate Hudson And Her Ex Are The Model For Post-Split Parenting
U0612,user_2,Tech,"Moon, Mars Put On Show For Memorial Day Skywatchers"
U0664,user_1,Entertainment,Serena Williams Gets Personal In New HBO Documentary Series
U5623,user_2,Tech,WATCH: The Major Problem With Dating Apps
U7018,user_2,Tech,"Ash, Dust From 1912 Novarupta Eruption Cancels Alaska Flights"
U9541,user_3,Entertainment,"We All Go To The Gym For One Reason, And It's Not Health"
U2003,user_2,Tech,Scientists Discover Dinosaur With Massive Schnoz
U4472,user_2,Tech,We Should Make AI And Blockchain Boost Global Trade
U7162,user_2,Tech,'Professor Astro Cat' Is The Educational App Kids Will Actually Want
U1793,user_1,Entertainment,Bill Murray Will Voice Your Favorite Animated Bear
U0217,user_3,Entertainment,Samantha Bee And Glenn Beck Unite To Fight ‘Trumpism’
U1921,user_3,Entertainment,'Game Of Thrones' Star Reveals Tormund's Love For Brienne Extends Off Screen
U3323,user_3,Entertainment,11 Art Destinations That Double As Therapeutic Retreats
U6426,user_2,Tech,Uncle Sam Wants YOU To Help Solve National Problems
U9256,user_3,Entertainment,Dog Ears Music: Bankrupt on Selling Playlist
U3141,user_2,Tech,Terrible News: DSM-5 Refuses to Reduce Overdiagnosis of 'Somatic Symptom Disorder'
U8824,user_1,Entertainment,Trump Loses Top Adviser; He had Advisers?
U2321,user_2,Tech,How Probiotics May Ward Off Depression And Anxiety
U9957,user_1,Entertainment,Amy Schumer Is Your New Khaleesi In 'Game of Thrones' Parody
U0805,user_1,Entertainment,Sheldon Will Choose Sex Over ‘Star Wars’ On ‘Big Bang Theory’
U5336,user_3,Entertainment,Cat Tries To Hypnotize Dog Friend With Dreamy Head Massage
U3959,user_3,Entertainment,"Papa, Can You Hear Me?"
U7788,user_2,Tech,Animals Kept In Deep Freeze For 30 Years Brought Back To Life
U8319,user_3,Entertainment,Vin Diesel Reveals Big Reason 'Fast And Furious 8' Is Headed To New York
U0040,user_1,Entertainment,Natalie Cole's Family Reveals Singer's Cause Of Death
U7973,user_3,Entertainment,This Is How The 'Slipping On A Banana Peel' Gag Became A Thing
U5080,user_2,Tech,Pinterest's Sign Up Process Is Down Right Sketchy
U8377,user_3,Entertainment,Naya Rivera To Release Memoir Called 'Sorry Not Sorry'
U2334,user_3,Entertainment,'Fresh Prince Of Bel-Air' Cast Reunites And It’s The Coolest
U0619,user_1,Entertainment,"Howard Hesseman, Star Of ‘WKRP In Cincinnati,’ Dies At 81"
U8383,user_1,Entertainment,Another Michael Phelps Record Falls At World Championships
U8396,user_2,Tech,Here's What Happens Inside Your Body When You Overeat
U8411,user_3,Entertainment,"In Deleted 'Back To The Future' Scene, Doc Discovers Playboy"
U7972,user_3,Entertainment,Here's Jane Krakowski's 'Leaked' 'Peter Pan Live!' Audition Tape
U3729,user_1,Entertainment,"Will Smith Not In 'Independence Day 2,' Director Roland Emmerich Says"
U5512,user_3,Entertainment,If Fredo Had Become Godfather
U7290,user_1,Entertainment,Jada Pinkett Smith Isn't Fazed By Chris Rock's Oscars Joke About Her
U1819,user_1,Entertainment,Kim Kardashian Faces Backlash Over Tweet About Flu Weight Loss
U0698,user_1,Entertainment,Taron Egerton And Hugh Jackman On Finding Inspiration And Orgasms In 'Eddie The Eagle'
U4998,user_1,Entertainment,mun2 Upfront Move Forward as Grammy Museum Honors Rivera (SLIDESHOW)
U0437,user_2,Tech,There's No Back Pain Surgery Can't Make Worse
U4345,user_2,Tech,"Watch This Awesome Holiday Message Delivered Using 2,000 iPhones"
U1855,user_3,Entertainment,‘Walking Dead’ Reportedly Cancels Comic-Con Press Events Following Stuntman's Death
U0955,user_3,Entertainment,Michael Stuhlbarg Deserved An Oscar Nom Because He's Excellent In Everything
U5818,user_3,Entertainment,New Artist Reviews: Jim Wellman
U3543,user_1,Entertainment,Dwayne 'The Rock' Johnson Is Returning To 'WrestleMania'
U4127,user_2,Tech,Here's Where To Get The Best Black Friday Deal On An XBox One
U8641,user_2,Tech,"Scientists, Celebrities Share Emotional Tributes To Stephen Hawking"
U2191,user_2,Tech,Here's A Trick That May Help People Become Less Racist & Sexist
U7218,user_3,Entertainment,Why Stop The Yulin Dog Festival?
U3426,user_3,Entertainment,"Hey, Tom Hardy, Never Stop Reading Us Bedtime Stories"
U6063,user_3,Entertainment,Did Harvey Weinstein Sexually Harass You?
U0722,user_1,Entertainment,The BEST Late Night Clips of the Week (VIDEO/PHOTOS)
U3379,user_3,Entertainment,The 6 Types Of Bartender
U1456,user_2,Tech,SOLVED? Massive Magnetic Star Mystery
U4783,user_2,Tech,What's A Scientist To Do? March!
U4951,user_2,Tech,U.S. Takes Apple To Trial Over eBooks: 'This Case Will Effectively Set The Rules For Internet Commerce'
U9877,user_2,Tech,Ants and Stars
U7491,user_1,Entertainment,New 'Game Of Thrones' Season 6 Trailer Warns Us 'The Dead Are Coming'
U2236,user_1,Entertainment,Britney Spears Debuts A Dramatic New Look
U6637,user_1,Entertainment,Boyfriend Charged With Murder Of Morgan Freeman's Granddaughter E'Dena Hines
U2323,user_2,Tech,Elon Musk’s Boring Company To Build High-Speed Transit Network In Chicago
U4290,user_2,Tech,"Only 4 Of Your Facebook Friends Really Matter, New Study Finds"
U0817,user_2,Tech,Neil deGrasse Tyson Destroys Climate Change Deniers' Favorite Argument In 1 Tweet
U8658,user_3,Entertainment,John Travolta Is Very Thankful For 'Dick Poop'
U9264,user_1,Entertainment,Taylor Swift's 'Reputation' Set To Become 2017's Best-Selling Album
U1011,user_2,Tech,Watch As A Drone Saves Two Teen Swimmers From Heavy Surf In Australia
U5631,user_1,Entertainment,Madonna And Stevie Wonder Prove No One Compares To Prince At Billboard Music Awards
U6999,user_3,Entertainment,Innovative Teen Takes Michael B. Jordan Cardboard Cutout As Prom Date
U1270,user_2,Tech,Dazzling Interactive Video Shows What Humans Can't See From Earth
U1089,user_2,Tech,"Spectre 1, iMac Look Eerily Similar: HP's New All-In-One Takes A Few Cues Too Many From Apple? (PHOTOS)"
U9266,user_3,Entertainment,Taylor Swifts Of Past And Present Collide In 'Look What You Made Me Do' Music Video
U9655,user_3,Entertainment,Bill Maher Shreds 'Liberal Purists' Who Said Hillary Clinton Was 'Lesser Of Two Evils'
U2603,user_2,Tech,SpaceX Dragon Capsule Cleared To Dock With ISS On Sunday & Visible In Southern Night Sky
U1454,user_2,Tech,NASA Aircraft Spots Mysterious Circles In Remote Arctic Sea Ice
U7274,user_3,Entertainment,Ryan Reynolds And Blake Lively Surprise Fans At Early 'Deadpool' Screening
U6336,user_2,Tech,"Mayan Calendar: World Will Not End In December 2012, Expert Says"
U7524,user_3,Entertainment,Blankety Blank
U6080,user_1,Entertainment,Golden Globes Air Special In Memoriam Segment For Carrie Fisher And Debbie Reynolds
U1354,user_1,Entertainment,There Is No Mystery to The Mysteries of Laura
U2867,user_1,Entertainment,Jack Osbourne And Wife Announce Second Pregnancy
U0515,user_3,Entertainment,The Obamas Are Reportedly In Talks To Make Shows For Netflix
U4544,user_3,Entertainment,Kylie Jenner Flashes Tiny Tattoo In Swimsuit Photo Shoot
U4195,user_1,Entertainment,Frederica von Stade in Tour de Force Performance
U0220,user_3,Entertainment,James Corden Gives Tribute To London Ahead Of Special 'Late Late Show' Airing
U8303,user_2,Tech,Watch The Amazing Way Information Spreads On Twitter
U2858,user_2,Tech,Astronaut Cady Coleman: I Gave 'Gravity' Star Sandra Bullock Advice From Outer Space
U7269,user_3,Entertainment,Eminem Unveils 'Marshall Mathers LP 2' Cover Art Depicting Childhood Home In Detroit
U8880,user_2,Tech,"Early Human Fossils, Said To Be Australopithecus Sediba, Revealed In Rock By CT Scan"
U9717,user_2,Tech,Uber Gave Government Millions Of Users' Data
U9427,user_1,Entertainment,Badass Feminist Robot Puts Pie Charts On Actual Pies
U1868,user_2,Tech,Blue Marble Eastern Hemisphere: NASA Releases Another High-Definition Image Of Earth (PHOTO)
U8176,user_3,Entertainment,Louis C.K. Emails Fans Before Hosting 'SNL' Praising NYC
U8457,user_2,Tech,Scientists Turn To DNA Technology To Search For Loch Ness Monster
U0422,user_3,Entertainment,Want To Know If 'Fifty Shades' Is Worth Your Time (And Money)?
U6519,user_2,Tech,Fighting Stereotypes One Day At A Time
U8822,user_3,Entertainment,"Jimmy Kimmel Asks People To Critique Movies That Don't Exist, Thank God"
U2330,user_1,Entertainment,'Lord Of The Dance' Creator Michael Flatley To Perform For Trump At Inaugural Ball
U0774,user_1,Entertainment,Cinema's Hidden Pearls -- Part II
U1259,user_2,Tech,"42 Best Vines Of The Week, In One Video: Sept. 16 - Sept. 22, 2013"
U7451,user_3,Entertainment,Stephen Colbert Shaves His Beard In First 'Late Show' Promo
U8284,user_2,Tech,Are There Genetic Markers for Concussions?
U7912,user_1,Entertainment,'Master Of None' Star Kelvin Yu On Why TV Has Changed For The Better
U1182,user_3,Entertainment,Adele Takes Young Grenfell Fire Victims To The Movies
U8023,user_1,Entertainment,Lena Dunham: 'Even The Most Confident Woman' Doesn't Need To Stand Next To Supermodels
U7700,user_2,Tech,Why You Should Give Your Kid an iPad for Christmas (It Isn't What You Think)
U9524,user_3,Entertainment,Miley Cyrus And Liam Hemsworth Fuel Engagement Rumors With Lunch Date
U5862,user_1,Entertainment,Twitter's Humor Made Obama's Final Speech A Little Easier To Swallow
U3452,user_1,Entertainment,DVDs: Breaking Bad Still Good
U2604,user_3,Entertainment,'Captain America: The Winter Soldier' At Comic-Con: Joe And Anthony Russo On Directing The Next 'Cap Adventure
U6376,user_2,Tech,Top 10 Medical Research Issues and Trends to Watch in 2015
U9900,user_1,Entertainment,This Lady Gaga-'Sound Of Music' Mashup Will Set Your Inner Theater Queen Free
U3693,user_1,Entertainment,"MasterChef Recap: Girls Rule, Boys Drool in 'Winner Chosen'"
U4454,user_2,Tech,"Universe Data, Radiation Mapped In New 'Baby Picture' Of Universe, Astrophysicists Say (PHOTO)"
U2354,user_3,Entertainment,"U Smile, I Smile At Meme Of Justin Bieber Getting Destroyed At Hockey Game"
U0764,user_1,Entertainment,Pintervention: Pinterest's Expectations vs. Reality (VIDEO)
U6044,user_2,Tech,All Psychiatry Is Personal
U3366,user_1,Entertainment,Stolen Moment of the Week: Dave Hill at The Bell House
U8304,user_1,Entertainment,"This Just In: Donald Trump Potentially A Misogynist! Also, Water Wet!"
U8296,user_2,Tech,Facebook Is Changing Your News Feed In A Subtle But Important Way
U9972,user_1,Entertainment,'My Valentine': Johnny Depp & Natalie Portman Star In Paul McCartney-Directed Video (EXCLUSIVE)
U3367,user_3,Entertainment,REPORT: Trevor Noah On Track To Take Over As 'Daily Show' Host
U5901,user_2,Tech,"Vizio To Pay Millions After Secretly Spying On Customers, Selling Viewer Data"
U2729,user_2,Tech,Scientists Find Another Reason To Avoid Sugary Sodas
U8362,user_2,Tech,"TechBargains Weekly Deals: Smart Sprinklers, TurboTax And The Best Deal On A North Face Laptop Bag"
U7575,user_1,Entertainment,Al Gore Likens Donald Trump's Administration To 1 Particular 'Game Of Thrones' Scene
U0734,user_3,Entertainment,"The Worst SNL Hosts Ever, According To Twitter (SLIDESHOW)"
U0577,user_1,Entertainment,"SNL 'Moet & Chandon': Vanessa Bayer, Cecily Strong & Justin Timberlake Sell Bubbly (VIDEO)"
U1871,user_2,Tech,Enjoy the Show: Learn More After 'Sharknado 2'
U2297,user_2,Tech,"iPhone 5 Preorders, iPad Mini Predictions, And Apple TV: This Week In Apple Rumors"
U8909,user_1,Entertainment,The Hard Truth About Sharing Your Birthday With Jesus and Baby New Year (VIDEO)
U1286,user_1,Entertainment,'GLOW' Actresses Talk Filming That KKK Wrestling Scene
U5652,user_1,Entertainment,Madonna To Perform 'Same Love' Alongside Macklemore & Ryan Lewis At Grammys
U7255,user_3,Entertainment,Selena Gomez Wants Everyone To Know Who She Is Now
U5240,user_3,Entertainment,What's New On Netflix For November 2015
U6341,user_2,Tech,The Surprising Low-Tech Thing You Need To Enjoy Virtual Reality
U1384,user_1,Entertainment,Trevor Noah Skewers 'Morally Degenerate' Donald Trump For Endorsing Roy Moore
U5662,user_1,Entertainment,Comedian Ralphie May Dead At 45
U0534,user_2,Tech,Verizon To Bid $3 Billion For Yahoo’s Web Assets: WSJ
U7426,user_3,Entertainment,'Star Wars' Writer Confirms Donald Glover's Character Is Pansexual In 'Solo'
U9627,user_3,Entertainment,Yoda Strikes Back Against Seagulls In Bonkers Lip Reading Battle
U0547,user_2,Tech,Behold: Photos Of The New iPhone SE
U5472,user_1,Entertainment,"Janis Joplin: 'Who You Are Is What You Settle For, You Know?'"
U8480,user_2,Tech,'Finding Nemo' Told With Emoji Is Pretty Freaking Adorable
U0167,user_1,Entertainment,"David Letterman Kennedy Center Honors 2012: Tina Fey, Jimmy Kimmel, Ray Romano & Alec Baldwin Pay Tribute (VIDEO)"
U0193,user_2,Tech,Northern Lights: Sweden's Night Sky Swirls With Color In Amazing Aurora Borealis Video
U6691,user_2,Tech,This Breathtaking Photo Shows Two Galaxies Merging Together
U7154,user_3,Entertainment,Hannibal Buress' Mic Cut After Joking About Catholic Sex Abuse
U7894,user_2,Tech,Apple Earnings Ahoy: Company Heads Into Choppy Waters As New iPhone Awaited
U2756,user_1,Entertainment,NFL Stars Go Full Offense On Twitter Trolls' Mean Tweets
U8210,user_1,Entertainment,Kim Kardashian Reveals How She Thinks Robbers Planned Her Attack
U0388,user_1,Entertainment,EverydayClimateChange: Taking a Stand
U0171,user_2,Tech,Samsung Just Unveiled Its Thinnest Phone Ever
U2116,user_1,Entertainment,Mr. Burns Gets A Famous Secret Lover
U5436,user_3,Entertainment,White Lies? Fibs? Tall Tales? Just Tell the Truth
U6699,user_2,Tech,What If Everyone On Earth Jumped At Same Time? (VIDEO)
U9724,user_3,Entertainment,Why Life May Not Be a Cabaret and More Tony Musings
U1436,user_1,Entertainment,Kris Jenner Breaks Her Silence On Rob Kardashian Drama
U3341,user_1,Entertainment,Mila Kunis Calls Out Trump's Controversial Views On Immigration
U7186,user_2,Tech,Ruins On Seafloor Turn Out To Be Ancient Settlement
U3607,user_1,Entertainment,The Celebrity Age Gap
U0633,user_1,Entertainment,Louis C.K. Sends Out Epic Email Annihilating Donald Trump's Candidacy
U9933,user_2,Tech,"That Space Flower Is Still A Big Deal, Even If It's Not The First (UPDATED)"
U3435,user_1,Entertainment,The Immersive and Minimal Black & White Mountain Landscape Photography of Scott Rinckenberger
U6669,user_2,Tech,Apple Might Lock Down iCloud Data To Avoid Another Fight With The Feds
U0866,user_1,Entertainment,Rob Lowe Thinks Ariana Grande's Apology Is 'Lame'
U9306,user_3,Entertainment,"Trevor Noah: 'Once Again, Trump Benefits From A Bulls**t College'"
U5380,user_2,Tech,Getting More Girls Into STEM Careers: Lessons From a Principal
U5353,user_1,Entertainment,'Vampire Diaries' Showrunner Teases Possibility Of Nina Dobrev's Return
U4060,user_2,Tech,Climate Change Denial & Conspiracy Theories: New Research Provokes Even More Irrationality
U4411,user_3,Entertainment,Ryan Reynolds' 'Detective Pikachu' Rides A Caffeine Buzz In New Trailer
U6499,user_2,Tech,"Jupiter, Moon To Shine Closely Together In Night Sky Monday"
U3456,user_2,Tech,Hawaii Supreme Court Hears Case Against Controversial Telescope
U0325,user_2,Tech,"Like, Share And, Now, Shop On Facebook"
U5700,user_3,Entertainment,"'Fast 7' Will Use Body Doubles, CGI To Dub Missing Paul Walker Scenes"
U9120,user_1,Entertainment,Miranda Lambert Is Saving Dogs By The Truckload In Texas
U4922,user_3,Entertainment,Tom Hanks & Jimmy Fallon Are The World's Most Awkward Spies
U5698,user_2,Tech,SOLVED? Massive Magnetic Star Mystery
U7689,user_3,Entertainment,Eduardo Verastegui
U3250,user_2,Tech,Scientists Are Working On Prosthetics Controlled By Your Mind
U6410,user_1,Entertainment,Melissa Gilbert: Why I Ditched My Breast Implants
U5308,user_1,Entertainment,Mark Wahlberg Missed His Brother's Wedding
U7675,user_1,Entertainment,Some of My Best Friends Are Probably Gay
U8922,user_2,Tech,23 Things Your Kids Will Never Understand
U4531,user_1,Entertainment,"You Probably Didn't Hear The White House Announced Games At E3, Too"
U4004,user_2,Tech,New Horizons Won't Be The Only Spacecraft At Our Solar System's Edge
U7284,user_1,Entertainment,Midnight Tea Party in Los Angeles on 12/20
U5769,user_1,Entertainment,After Postmodernism: Michael Pearce Writes About 'Art in the Age of Emergence'
U9195,user_3,Entertainment,Timothée Chalamet Is The Heartthrob We Need
U2770,user_3,Entertainment,Bad Lip Reading Of Trash-Talkers Floyd Mayweather And Conor McGregor Gets Brutal
U2362,user_3,Entertainment,Midcentury in Paris: A Visual Map of Modern Artists
U5207,user_3,Entertainment,Reminder: Scott Disick Is Just A Fly In Kourtney Kardashian's Instagram Web
U5606,user_1,Entertainment,"Yes, People Actually Believe Trump Nominated Rob Kardashian For The Supreme Court"
U2413,user_1,Entertainment,Tina Fey Calls Out White Women Who Might Regret Voting For Trump
U4080,user_2,Tech,"Watch The Top YouTube Videos Of The Week: The Dunk Of The Year, Jeff Gordon Prank And More"
U0401,user_1,Entertainment,Caitlyn And Kris Jenner Unite For Kylie's 18th Birthday
U6405,user_1,Entertainment,'Game Of Thrones' Might've Spoiled Its Own Cliffhanger
U0889,user_3,Entertainment,Kim Kardashian Says Goodbye To Obama With Family Photo And Now We're Crying Just Like North
U8222,user_1,Entertainment,Here's Your Chance To Share A Romantic Meal With Chris Pratt
U7370,user_2,Tech,Why We Can't Network Our Way To More Women In Tech
U0497,user_1,Entertainment,Todrick Hall Mixes 'Peter Pan' And Katy Perry In New Video
U6085,user_3,Entertainment,Chris Martin Moshes With Fans During iHeartRadio Music Awards Performance With The Chainsmokers
U3316,user_2,Tech,The Battle To Save Silicon Valley's Oldest Trailer Park
U8493,user_1,Entertainment,Iconic Clint Eastwood Western Gets Dubbed In Navajo
U4906,user_1,Entertainment,Hilary Duff's Bikini Selfie Is For All The Moms Out There
U8798,user_1,Entertainment,'Zero Dark Thirty' Debate Rages; Sony Co-Chair Says Film 'Does Not Advocate' Torture
U6223,user_3,Entertainment,Amandla Stenberg Is Here For Nuanced Portrayals Of Black Womanhood On-Screen
U1304,user_1,Entertainment,The Passion Of Crowe: 'The Water Diviner' Marks Russell Crowe's Directorial Debut
U5073,user_1,Entertainment,Bill Maher Unveils Spoof Collection Of NSFW Donald Trump Tees
U5977,user_3,Entertainment,Sunday
U9989,user_2,Tech,Workers Just Unearthed A Centuries-Old Time Capsule Buried By Paul Revere
U8370,user_2,Tech,Here's The Real Magic That Comes From Reading Harry Potter
U2277,user_2,Tech,Female Astronauts Said To Face Discrimination Over NASA's Space Radiation Concerns
U5047,user_3,Entertainment,Not By Maureen Dowd
U3668,user_1,Entertainment,Leonardo DiCaprio-Backed Project Launches To Help Amazonian Tribes Fight Big Oil
U8545,user_2,Tech,The Huffington Post Is Looking For A Science Reporter
U2659,user_1,Entertainment,Sarah Paulson Is Game To Play Trump In Election-Themed 'American Horror Story'
U7690,user_2,Tech,6 Scientists Are About To Spend A Year On 'Mars'
U8261,user_1,Entertainment,"Oscar-Nominated Movies Not Popular Among General Public, Says Poll"
U1746,user_3,Entertainment,Something Major Is Missing From The 'Into The Woods' Trailer
U4634,user_2,Tech,'Lost' GoPro Records Stunning Grand Canyon Footage From Edge Of Space
U9538,user_2,Tech,Las Vegas Tech Show Will Give Peek At The Driverless Cars And Homes Of The Future
U5450,user_2,Tech,A Melting Antarctica Could Sink The World's Coastlines Faster Than Predicted
U1140,user_3,Entertainment,And The Award For Best Duo At The Oscars Goes To Tiffany Haddish And Maya Rudolph
U0855,user_2,Tech,WATCH: These Companies Are Telling Employees NOT To Check Their E-Mail
U7773,user_3,Entertainment,"The Great Gatsby From Book to Movie:  My Top 20 Faithful Things, Part One"
U3308,user_3,Entertainment,Amy Schumer’s Joke About Kirsten Dunst Being An Oscars Seat Filler Made People Cringe
U8919,user_3,Entertainment,Maria Menounos Stepping Down From 'E! News' After Brain Tumor Surgery
U9386,user_2,Tech,Digital Is the New Third Age
U8620,user_1,Entertainment,Joan Rivers Dies At Age 81
U4346,user_1,Entertainment,"The Ultimate Charleston, West Virginia, Road Trip Playlist"
U1414,user_2,Tech,How Black Twitter Helped Take Down The Confederate Flag
U2227,user_1,Entertainment,All The Ways The 'Empire' Finale Set Up Season 2
U5335,user_2,Tech,The New York Tech Scene Rocked Last Week.
U9073,user_2,Tech,EXPERTS: Ashley Madison Hack Data Is Real
U3718,user_1,Entertainment,"LA District Attorney Considering Charges Against Harvey Weinstein, James Toback"
U5507,user_3,Entertainment,"The Poem ""Of A Soldier's Passing"""
U5465,user_1,Entertainment,'Avengers 2' Is Dominating The Foreign Box Office
U9552,user_1,Entertainment,Dustin Hoffman Has A Hilarious Way Of Messing With Paparazzi
U7452,user_1,Entertainment,Filmmaker Judy Irving - on 'Pelican Dreams'
U8488,user_2,Tech,Two People Never See The Same Rainbow--And 6 More Amazing Facts About The Optical Phenomenon
U3417,user_2,Tech,Bridging the Gap: STEM Subjects Are NOT Just for Boys
U2537,user_3,Entertainment,A New 'Merry Widow' With Renee Fleming In Widow's Weeds
U4506,user_2,Tech,FBI Paid Professional Hackers One-Time Fee To Crack San Bernardino iPhone
U0270,user_3,Entertainment,12 Stunning Reasons New Yorkers Should Look Up
U4218,user_3,Entertainment,Samantha Bee Shreds 'S****y Media Men’ And Their Treatment Of Hillary Clinton
U8450,user_1,Entertainment,Nick Carter's 'Dancing With The Stars' Partner Sharna Burgess Wants Fans To See 'The Fun Side Of Him'
U6755,user_2,Tech,Scientists Create 3D Fly-Through Map Of Space Dust In Our Galaxy
U5106,user_3,Entertainment,Bill O'Reilly Appears On SNL's 'What Up With That?' Alongside Kate Upton (VIDEO)
U5412,user_1,Entertainment,HBO Films Shine in Cannes
U1246,user_3,Entertainment,Samantha Bee Fires A Twitter Zinger At Donald Trump's Family
U7094,user_1,Entertainment,Kim Cattrall Is Keeping Her Fingers Crossed For A 'Sex And The City' Spinoff
U9304,user_1,Entertainment,"George Clooney Praises Hillary Clinton, Slams Trump In Endorsement Email"
U8154,user_2,Tech,'A Spacesuit Ballet' Features Mashup Of Archived NASA Spacesuit Test Footage (VIDEO)
U6746,user_1,Entertainment,Chris Harrison Speaks Out Amid 'Bachelor In Paradise' Investigation
U4785,user_2,Tech,My Son Wears Pink: To Share or Not to Share?
U6670,user_1,Entertainment,Catelynn Lowell Of 'Teen Mom OG' Heads Home After Treatment For Suicidal Thoughts
U8448,user_3,Entertainment,"Alan Rickman & Rupert Grint On 'CBGB,' Reuniting Post-'Potter' And Favorite Halloween Costumes"
U7474,user_2,Tech,The Digital (Gender) Divide: Women Are More Likely Than Men To Have A Blog (and A Facebook Profile)
U3541,user_1,Entertainment,Justin Timberlake Is The New Face Of Dad-Pop
U2812,user_1,Entertainment,"Cartoons, Chaos and Commedia, Oh My!"
U6436,user_1,Entertainment,Young Woman Unlocks Secrets Of The Universe At A Music Festival
U1014,user_3,Entertainment,"Lady Gaga Announces Her New Single, 'Perfect Illusion,' Will Be Out In September"
U8264,user_3,Entertainment,'Dawson's Creek' Creator Says He Wouldn't Let Pacey Date Teacher Today
U9850,user_1,Entertainment,Bad Lip Reading Shows Just How Great The DNC Could Have Been
U1030,user_1,Entertainment,'Star Wars' Actors Pay Tribute To Carrie Fisher After Her Death
U7870,user_3,Entertainment,You Are Going To Want To Listen To Lisa Loeb Sing 'This Old Man'
U5518,user_3,Entertainment,'The Most Emotionally Manipulative Super Bowl Ad Ever' Sadly Isn't Real
U7101,user_2,Tech,New iOS Bug Could Allow Strangers To Browse Personal Data On Your iPhone
U7241,user_3,Entertainment,Steven Spielberg and Jury Discuss the Winners of Cannes
U9164,user_2,Tech,"Egyptian Jewelry Has Space Origin? Iron In Ancient Relic Came From Meteorite, Researchers Say"
U8320,user_2,Tech,Balancing Patient Freedom With Safety And Well Being
U1397,user_1,Entertainment,Allison Williams Has Two Major Bones To Pick With 'The Bachelor'
U5363,user_2,Tech,There Has Never Been a Better Time for CIOs to Fix IT's Reputation
U7129,user_1,Entertainment,Mapping the World as She Imagines It: Xuchi Naungayan Eggleton
U0401,user_1,Entertainment,Hollywood & Vine: The Entertainment Industry Seeks The Future In Viral Video
U5299,user_2,Tech,"Of Starfish, Stem Cells and $70 Million: How California Therapies May Reach Patients Quicker"
U5421,user_2,Tech,The Secret of Coolness Revealed
U0014,user_3,Entertainment,CD Review: 'The Great Escape' by The Great Escape
U9884,user_2,Tech,"Sony Xperia P, Xperia U Announced At Mobile World Congress"
U5094,user_2,Tech,Adorable Cookie Monster Apple Ad Gives Us All The Feelings
U8034,user_3,Entertainment,‘Jessica Jones’ Creator Hints At A Post-Kilgrave Antagonist In Season 2
U9856,user_1,Entertainment,'Sound Of Music' Actress Heather Menzies-Urich Dead At 68
U9340,user_2,Tech,How Personality Influences Your Immune System
U3639,user_2,Tech,Football Statistics Suggest Teams Should Go For It On Fourth Down
U7675,user_1,Entertainment,Trump Loses Top Adviser; He had Advisers?
U5107,user_2,Tech,Watch Astronauts' Violent Return To Earth From Inside Their Space Capsule
U0821,user_2,Tech,Songbird's Secret Dancing Skills Seen For First Time In Stunning Slow-Mo
U8292,user_3,Entertainment,The Battle Between Puppies And Door Stoppers Rages On
U1993,user_1,Entertainment,Eminem's Daughter Graduates High School
U5050,user_2,Tech,Apple CEO Tim Cook: 'Accessibility Rights Are Human Rights'
U8332,user_1,Entertainment,Santa Baby: I Just Can't Quit You
U3160,user_1,Entertainment,How 'Straight Outta Compton' Became A Summer Blockbuster
U0395,user_2,Tech,This Is Not Your Father's Microsoft
U8911,user_1,Entertainment,Samantha Bee Dissects Donald Trump's First Major Failure As President
U1336,user_2,Tech,"Fusion, Fission, and Fossil Fuels"
U6340,user_2,Tech,Pin This -- Pinterest Releases Android and iPad Apps
U6295,user_2,Tech,Eco-Friendly Smart Cars Take Spotlight At Major Auto Show -- And They Look Awesome
U2819,user_2,Tech,Super-Intense Auroras Discovered On Strange Alien World
U3721,user_2,Tech,What The End Of Net Neutrality Means For Native Communities
U4454,user_3,Entertainment,Romney On 'SNL'? GOP Candidate Asked To Host By Lorne Michaels
U7673,user_1,Entertainment,Ronda Rousey Vies For 'Captain Marvel' Role With Fan Art Photos
U2882,user_1,Entertainment,Martha Stewart Slams Gwyneth Paltrow
U9338,user_2,Tech,Scientists Take Big Step Toward Being Able To Repair Brain Injuries
U7001,user_1,Entertainment,'Late Night' Writer Shreds 'Roseanne': It's Better Than Ever At Being Racist
U0156,user_1,Entertainment,"""Finding New Horizons for Korea in its Past: The Cultural Pioneering of Jin Yong Lee"""
U3150,user_1,Entertainment,"'Star Wars' & Brad Bird: Not Going To Happen, Says Director"
U7167,user_3,Entertainment,Adele Announces Plans For Another Baby At The End Of Her Tour
U3396,user_1,Entertainment,'Key & Peele' To End After Current Season
U3069,user_2,Tech,New Hampshire Woman Gets New Face For Second Time In 10 Years
U2530,user_3,Entertainment,Chris Brown Sits During National Anthem At Charity Game On 9/11 Anniversary
U0866,user_2,Tech,Twitter Bars Intelligence Agencies From Using Analytics Service
U2041,user_3,Entertainment,'Affleck v Affleck' Is The Superhero Film You Secretly Yearn For
U0440,user_2,Tech,"In 2040, Asteroid '2011 AG5' Will Miss Earth, NASA Now Says Definitively"
U6176,user_3,Entertainment,Courtney Stodden And Doug Hutchison Are Getting Married Again
U6850,user_2,Tech,Were Dinosaurs Cold-Blooded Or Warm-Blooded?
U1947,user_2,Tech,Neutrino Experiment In China Shows Strange Particles Changing 'Flavors'
U3499,user_1,Entertainment,Hugh Jackman Rescues Swimmer And Son From Dangerous Surf
U0943,user_3,Entertainment,Does The New 'Spider-Man: Homecoming' Trailer Give Too Much Away?
U1599,user_1,Entertainment,Gold Rush 2028? Los Angeles May Host Olympics And 100th Oscars The Same Year
U7419,user_3,Entertainment,Trevor Noah: Trump Wants FBI To Give Targets A 20-Minute Head Start — With A Golf Cart
U9461,user_3,Entertainment,"Kathy Najimy Is The Boss In This Clip From 'The Jamz,' Because Of Course She Is"
U0185,user_3,Entertainment,Anna Faris Says Chris Pratt Was 'Just Sobbing' When Their Son Was Born
U9231,user_2,Tech,'Strong Signal' From Another World Might Not Be Aliens After All
U0742,user_3,Entertainment,Kelly Clarkson Is Returning To 'American Idol'
U9270,user_1,Entertainment,Seth Meyers Nails What Trump Means When He Says 'Law And Order'
U4623,user_2,Tech,This Nonprofit Believes Anyone Can Make Cities Better. And It’s Accepting Applications
U5573,user_3,Entertainment,Jimmy Kimmel Says Hide-And-Seek Genius Dog Will 'Heal Our Nation'
U9020,user_1,Entertainment,Netflix Was 'In Discussions' To Make A Show About Prince's Paisley Park Home
U3861,user_1,Entertainment,I Spy Rectal Disharmony
U0243,user_1,Entertainment,Seth Meyers Dissects Donald Trump's Many Lies (Again)
U0192,user_1,Entertainment,Benedict Cumberbatch And Tom Hardy Eyed For Marvel's 'Doctor Strange' (REPORT)
U6830,user_1,Entertainment,Lena Dunham Undergoes Total Hysterectomy In Ongoing Endometriosis Battle
U0768,user_1,Entertainment,Dan Aykroyd's Bittersweet Tribute To Carrie Fisher Is All Hollywood Glamour
U3576,user_2,Tech,Are We Getting The Science Of Sun Exposure All Wrong?
U3318,user_3,Entertainment,Actors Union SAG-AFTRA and Industry Postpone Commercials Negotiations
U3393,user_2,Tech,Teens Spend About 9 Hours On Screens Every Day
U8314,user_3,Entertainment,North West And Penelope Disick Are The Cutest Toddler Duo Around
U0278,user_2,Tech,What Is That? 10 Amazing Photos Show It Can Be Hard To Tell Close Up From Far Away
U1955,user_3,Entertainment,John Legend Gushing About Chrissy Teigen and Baby Luna Is Just The Cutest
U2725,user_2,Tech,This Is The 'Most Eccentric' Planet Yet Known
U8799,user_2,Tech,Watch These Basking Sharks Feed From The Safe Distance Of A Drone
U9788,user_1,Entertainment,How To Move Past Grief After The Death Of A Loved One
U0453,user_3,Entertainment,"Getting To Know The New, Improved Stephen Colbert"
U1748,user_1,Entertainment,Fasten Your Seat Belts for Flight
U2741,user_2,Tech,This Is How Visualizing Open Data Can Help Save Lives
U8809,user_3,Entertainment,Taylor Swift's Pre-Super-Bowl Concert Might Be Her Only Live Show In 2017
U0405,user_2,Tech,New York City Will Replace Pay Phones With Wi-Fi Hotspots
U4135,user_3,Entertainment,John Oliver Has A Message For All The Cicadas Emerging After 17 Years Underground
U2658,user_3,Entertainment,Polo The Macaw Laughs Like An Evil Villain (VIDEO)
U8403,user_2,Tech,Why you Get so Pumped up Watching Sports
U8364,user_2,Tech,Here's Why People Actually Hate Having Nothing To Do
U8978,user_1,Entertainment,Nicole Kidman And Keith Urban Are All Smiles At The Oscars
U4123,user_2,Tech,Neil deGrasse Tyson Burns Donald Trump Over Possible Paris Climate Deal Withdrawal
U7016,user_2,Tech,Songbird's Secret Dancing Skills Seen For First Time In Stunning Slow-Mo
U0139,user_3,Entertainment,Bernie Sanders Is Not A New Yorker
U4090,user_3,Entertainment,Rashida Jones Pays Homage To The '90s With 'Flip And Rewind' Music Video
U4328,user_1,Entertainment,Seth MacFarlane Says His Harvey Weinstein Oscars Joke Had Venom In It
U7606,user_2,Tech,Why Twitter's New 'Like' Button Is A Big Deal
U1195,user_1,Entertainment,Samantha Bee Tells Democrats What It'll Take To Stop Donald Trump
U0061,user_1,Entertainment,'SNL:' Kristen Wiig Crashes NBC's 'Sound Of Music' Live Performance
U4644,user_3,Entertainment,Jennifer Lopez Moved To Tears After 'Idol' Contestant Opens Up About Abusive Relationship
U3984,user_1,Entertainment,Who Knew Photographing Puddles Could Be So Mesmerizing?
U3868,user_1,Entertainment,'SNL' Mocks CNN's Constant Updates With Pregnancy Test Commercial
U2682,user_3,Entertainment,Everyone Is Losing Their Minds Over Kylie Jenner's Racy Shirt
U5266,user_1,Entertainment,"Melissa McCarthy Is Easter Spicey, The Apologizing Easter Bunny"
U4955,user_3,Entertainment,"Constance Wu, Actual Asian Person, Will Star In 'Crazy Rich Asians'"
U5745,user_2,Tech,Here's What We Talked About Most On Facebook In 2015
U1410,user_3,Entertainment,"Jack White Blasts Rolling Stone, Jokes About Foo Fighters"
U3279,user_2,Tech,Retired Research Chimps Are Really Enjoying Their New Home
U5483,user_2,Tech,"Scientists Discover Bizarre World With Three Suns, 300-Year Seasons"
U2566,user_1,Entertainment,Sam Bee's Team Is Apologizing To People Trump Offends. It's Harder Than They Thought.
U3431,user_1,Entertainment,Exclusive 'Walking Dead' Photos Hint At Bleak Future In Season 6
U9185,user_1,Entertainment,13 Life Lessons From 13 Years At Burning Man
U2394,user_3,Entertainment,California Launches Effort Promoting Art and Culture Districts
U5073,user_2,Tech,"Internet Access Still Limited For Low-Income, Uneducated Americans"
U0903,user_3,Entertainment,Emma Watson Fires Back At Critics Of Her Vanity Fair Shoot
U9537,user_1,Entertainment,Taylor Swift Is Averaging 35 Million Views Daily
U1014,user_1,Entertainment,I Ain't Gonna Work on Maggie's Farm No More: 'True Detective' and the Deep Dark Secret of the American Psyche
U5608,user_3,Entertainment,Reese Witherspoon Bends And Snaps 15 Years Later For 'Legally Blonde' Anniversary
U5684,user_1,Entertainment,"Fyvush Finkel, 'Boston Public' And 'Picket Fences' Actor, Dead At 93"
U6556,user_2,Tech,Facebook Will Show You Less News. Good!
U3574,user_3,Entertainment,Oscars 2014: Hollywood Celebrates The 86th Annual Academy Awards
U3830,user_3,Entertainment,Netflix Casts A White Guy In Another Film About Asian Culture
U2542,user_3,Entertainment,Bill Maher Analyzes 'President Man-Baby' Donald Trump's Third Week In Power
U0637,user_2,Tech,Yahoo Is Reportedly Lowballing On Its Hulu Bid
U5916,user_1,Entertainment,Amy Schumer Says Trump's Rosie O'Donnell Dig Showed He's 'Inhumane And Erratic'
U5403,user_1,Entertainment,Carly Rae Jepsen Is A Movie Star Now
U6262,user_1,Entertainment,Carly Rae Jepsen Opens Up About The Trials Of Fame And Surviving The Paparazzi
U0869,user_2,Tech,Math Theory May Explain How MH370 Vanished Without A Trace
U4288,user_1,Entertainment,"Drake Is Miley Cyrus, Oprah And Literally Everyone In 'Energy' Video"
U6698,user_1,Entertainment,Tyga Instagrams His Love For Kylie Jenner
U4850,user_2,Tech,"Chinese Space Station, Adrift For Years, Plummets To Earth"
U4958,user_1,Entertainment,Fan Favorites Return As Netflix Brings Back 'Arrested Development'
U7767,user_1,Entertainment,"T.J. Miller's Rap Video, Also Called 'T.J. Miller,' Is The Opposite Of Most Rap Videos (VIDEO)"
U7972,user_3,Entertainment,Willem Dafoe Submits Some Of His Career's Best Work In 'The Florida Project'
U6836,user_2,Tech,What To Do If You Think An Online Account Has Been Hacked
U0894,user_3,Entertainment,Larry King Reveals Lung Cancer Diagnosis
U2938,user_1,Entertainment,Scarlett Johansson's Dog Is A Trump Supporter On 'SNL'
U2319,user_2,Tech,Water On Mars: NASA's Opportunity Rover Finds Evidence That Red Planet May Have Supported Life
U6072,user_2,Tech,What Would Happen If You Fell Into A Black Hole?
U2268,user_2,Tech,These Animals Could Be Saved By Virtual Reality
U9870,user_1,Entertainment,Rachael Leigh Cook Remixes That Famous 'Brain On Drugs' Commercial
U2456,user_3,Entertainment,"""The Hobbit"" Frames-Per-Second Drama: Peter Jackson Responds To Critics"
U2590,user_2,Tech,Human Player Finally Beats Google's AlphaGo AI Program At 'Go'
U3106,user_2,Tech,Which Game Should Have Won 'Game Of The Year'? (POLLS)
U6380,user_1,Entertainment,Is Disability In?
U6399,user_1,Entertainment,"These Folks Had A Terrible, Horrible, No Good, Very Bad Time Tapping This Keg"
U3409,user_1,Entertainment,Everything You Need To Know About Mike Kelley
U5579,user_1,Entertainment,"The Beaune International Thriller Festival: Five Days of Capers, Murders and Simmering Sex"
U1061,user_1,Entertainment,Aisle View: Ghosts at BAM
U8483,user_1,Entertainment,Please Enjoy This Collection Of Kanye West's Weirdest Noises
U7980,user_1,Entertainment,Vengeful Pooch Has A Gun Worse Than Its Bite in 'John Wick' Spoof
U8030,user_2,Tech,Robot Actor Files For Screen Actors Guild Membership
U4019,user_3,Entertainment,'Pitch Perfect' Co-Stars Anna Camp And Skylar Astin Tie The Knot In California
U3796,user_2,Tech,These Personality Traits Could Put You At Risk For Social Media Addiction
U7865,user_1,Entertainment,'Alien: Covenant' Just Barely Beats 'Guardians' At The Weekend Box Office
U1571,user_2,Tech,September 11 Memorial: Migrating Bird Flocks May Pass Over Ceremony If Weather Holds
U3374,user_1,Entertainment,Tom Hanks: 'I Don't Think I Would' Go To A White House Screening Of 'The Post'
U1739,user_1,Entertainment,Kylie Jenner Spotted Out In Public For The First Time In Months
U5185,user_3,Entertainment,Trevor Noah Agrees With Donald Trump That The Election Is Rigged
U2081,user_1,Entertainment,Aidan And Mr. Big Had A 'Sex And The City' Reunion
U8744,user_1,Entertainment,Beyoncé Postpones Nashville Show Just Days After Formation World Tour Kicks Off
U2874,user_3,Entertainment,'Celebrity Wife Swap' Pays Spencer & Heidi The Big Bucks
U5709,user_2,Tech,Landing on Mars Takes the Right Stuff
U1084,user_1,Entertainment,Only Kim K Would (And Could) Hit The Streets In This Outfit
U2677,user_2,Tech,iOS 9.3 Link Glitch Is Ruining Some iPhones
U4253,user_1,Entertainment,Harry Potter Theme Park Expansion Enlists Oliver Phelps
U5969,user_1,Entertainment,TomorrowWorld: Tomorrowland Festival Will Travel To New Destination In September
U0600,user_2,Tech,These Toothless Giants Once Ruled The Skies
U4182,user_3,Entertainment,Trevor Noah: Watching Rudy Giuliani Is Like Smoking Weed Through The TV
U5941,user_1,Entertainment,Kris Jenner And Melanie Griffith Take A Selfie With The Dalai Lama
U5232,user_1,Entertainment,Harry Reid: 'No Meaningful Difference' Between Trump And GOP On Immigration
U1128,user_2,Tech,What's The Future Of Bitcoin Mining?
U5450,user_3,Entertainment,R. Kelly Under Investigation Over Claims Made In Lifetime Series: Reports
U4110,user_1,Entertainment,Samantha Bee Says Her Staff Got An Icy Reception At 'Megyn Kelly Today'
U7942,user_2,Tech,Uber Driver In Ohio Once Welcomed You To Your AOL Account
U3295,user_2,Tech,'Paint By Particle' NASA Atmosphere Simulation Illustrates Global Aerosol Movement (VIDEO)
U5872,user_2,Tech,Google's Self-Driving Cars Just Cleared A Major Roadblock
U7847,user_1,Entertainment,All The Albums You'll Be Excited About This Fall
U5284,user_3,Entertainment,Groot’s Last Line In ‘Infinity War’ Has Been Revealed And It Will Wreck You
U8568,user_2,Tech,"In a Huge Breakthrough, Google’s AI Beats a Top Player at the Game of Go"
U9734,user_1,Entertainment,Conan O’Brien Landed In South Korea And Got A Mind-Blowing Welcome
U7155,user_2,Tech,"Mercury Has Shrunk More Than Previously Thought, New Maps Of Planet Suggest"
U9175,user_1,Entertainment,Foo Fighters Cover 'Molly's Lips' For The First Time
U0000,user_3,Entertainment,Report Kenan Thompson Is Leaving 'SNL' Deemed 'Inaccurate'
U3496,user_1,Entertainment,"Your Christmas Morning, As Directed By Martin Scorsese, Lars Von Trier & Wes Anderson"
U5457,user_2,Tech,8 Awesome Photos That Showcase The Wonders Of Underwater Life
U2955,user_2,Tech,'Pokemon Go' Users Are Going To Yik Yak To Get Tips
U8262,user_1,Entertainment,Ryan Reynolds Trolling Blake Lively On Her Birthday Is A Present To Everyone
U3391,user_2,Tech,"Tesla Autopilot Was Engaged During Horrific 60 MPH Crash, Driver Tells Police"
U2428,user_2,Tech,Teaching Kids To Code Is The New Teaching Kids Spanish
U9358,user_3,Entertainment,The 'Moonlight' Cast Dabbed At The Oscars And Somehow We're Still Standing
U4741,user_3,Entertainment,Watch A Love Story Unravel As Two Male Dancers Break Your Heart With Their Muscular Bodies
U8521,user_3,Entertainment,Chris Hemsworth Dances 'Wrecking Ball' With His Kids In The Living Room
U4299,user_1,Entertainment,'Happy Days' Cast Reunites At Erin Moran Memorial To Relive Better Days
U7451,user_2,Tech,Over-The-Top Tech Headquarters Might Be More Trouble Than They're Worth
U1113,user_2,Tech,How Joining Facebook Is Hurting Instagram
U7847,user_1,Entertainment,'Gotham' Actor Donal Logue's Missing Child Has Been Found And Is Safely Home
U0122,user_3,Entertainment,Taylor Swift Dresses As Adorable Teletubby In Halloween Throwback Photo
U8075,user_3,Entertainment,The Nintendo Games That Best Describe President Trump's Cabinet Members
U4917,user_3,Entertainment,This Is How The 'Slipping On A Banana Peel' Gag Became A Thing
U2701,user_1,Entertainment,Paul McCartney Admits The Beatles Felt 'Threatened' By Yoko Ono
U4271,user_3,Entertainment,The Who At Closing Ceremony: Roger Daltrey & Pete Townshend End 2012 London Olympics
U3023,user_3,Entertainment,Angelina Jolie Confesses That She Does Not ‘Enjoy Being Single’
U9166,user_2,Tech,Here's How Long It Would Take To Fall Through The Center Of Earth
U4372,user_2,Tech,Science Has Determined How Not To Look Stupid
U0906,user_3,Entertainment,'SNL' & Daniel Craig Salute Bond Girls You May Have Missed (VIDEO)
U4867,user_3,Entertainment,John Boyega Has Bad News For All The Finn And Poe Shippers
U6095,user_2,Tech,More States Just Dealt A Blow To Uber Drivers Seeking Benefits
U1714,user_1,Entertainment,Grace VanderWaal Celebrated Turning 13 In Style
U6203,user_3,Entertainment,"Robert Redford Sidesteps Oscars Controversy, But Says Diversity Is Important"
U6545,user_2,Tech,Scientists Warn Climate Change Will Trigger Rise In Terrifying Illness
U1543,user_2,Tech,iPhone 5 Camera Problem Addressed By Apple In Support Document
U0947,user_3,Entertainment,Kristen Stewart Stuns In Nude Photo Series
U7867,user_3,Entertainment,Jim Carrey Turns Paintbrush On Rudy Giuliani With Ghoulish New Portrait
U2126,user_2,Tech,Connecting Autistic Behavior to Brain Function
U3112,user_3,Entertainment,Kendall Jenner Has Wise Words For Supermodel Who Called Her And Gigi Hadid 'B***hes Of The Moment'
U8530,user_3,Entertainment,Watch Johnny Depp's Bizarre Awards Show Speech
U8803,user_2,Tech,NASA To Launch Five ATREX Rockets Within Five Minutes On March 18
U4721,user_2,Tech,HP Explains How Its Computers Got To Syria
U4495,user_2,Tech,Does Penis Size Matter?
U6310,user_2,Tech,"iPhone Sales Off By 1.4 Percent, But It's Still Apple's Most Profitable Fourth Quarter Ever"
U5946,user_2,Tech,The March For Science Is A March For Democracy
U9428,user_3,Entertainment,'Jackass' Star Steve-O Sentenced To 30 Days In Jail For Sea World Stunt
U1248,user_1,Entertainment,Power Plays by Robert Dekkers for Post:Ballet
U6419,user_2,Tech,These Are The Most Jaw-Dropping Space Photos Of The Year
U6409,user_2,Tech,A Bioengineered Tree Could Revive America's Once-Vast Chestnut Forests
U7243,user_3,Entertainment,Adam Rippon Wins 'Dancing With The Stars' Because It Was Destined
U4916,user_2,Tech,"John Dobson, the Astronomer Who Showed Us What's 'Way the Hell Out There'"
U8298,user_2,Tech,Uber Now Valued At Almost $51 Billion: WSJ
U7154,user_2,Tech,Lego Rube Goldberg Machine: Is 'Great Ball Contraption'-Affiliated Project The Best Ever? (VIDEO)
U0551,user_3,Entertainment,Rebel Wilson Praises 'Isn't It Romantic' For Abandoning Tropes About Plus-Size Women
U3022,user_3,Entertainment,'Planet Of The Apes' Wins Weekend Box-Office War With $56.5 Million
U9608,user_2,Tech,The Content Brief: LinkedIn's Long Game Pays Off
U9190,user_1,Entertainment,I ON EXCEPTIONAL Living - Alex Pissios & Cinespace Chicago
U5094,user_3,Entertainment,Joan Rivers Dies At Age 81
U1064,user_2,Tech,Mobile Lorm Glove Helps Deaf-Blind People Text Message
U6557,user_2,Tech,Touring the YouTube Offices
U3842,user_2,Tech,Professor Who Sold Facebook Data To Cambridge Analytica 'Sincerely Sorry'
U8447,user_1,Entertainment,Taylor Swift Surprises Everyone With Darling Appearance At The CMAs
U6210,user_2,Tech,'Starcraft II: Legacy Of The Void' Is Coming In November
U2388,user_1,Entertainment,"When Movie Violence Helps Inspire Real Violence, Isn't It Time To Tone It Down?"
U3040,user_1,Entertainment,"Emmy Nominations 2015 Spotlight 'Game Of Thrones,' 'Mad Men' And 'Better Call Saul'"
U6980,user_2,Tech,I Don't Belong In Tech
U7967,user_1,Entertainment,This Acrobatic Hoverboard Routine To Justin Bieber's 'Sorry' Is Absolutely Nuts
U4496,user_1,Entertainment,Your Mouth Doesn't Want To Hear This 'Honest' Toothpaste Ad
U8996,user_2,Tech,Facebook's 'On This Day' Feature Now Filters Out Depressing Memories
U6198,user_1,Entertainment,"Aurora, Colorado -- We Lost It at the Movies"
U3017,user_1,Entertainment,"Once Again, Air Force Band Surprises and Delights"
U3012,user_2,Tech,Siri vs. Google Voice Experiment: What Happens When Siri And Google Voice Talk To Each Other?
U5647,user_2,Tech,Feds Scrap Grand Vision To Expand Marine Sanctuary In Hawaii
U9129,user_1,Entertainment,'How To Get Away With Murder' Wraps Up Season 2 With A Lot Of Blood
U4914,user_1,Entertainment,Jennifer Hudson To Play Aretha Franklin In Biopic
U7483,user_3,Entertainment,Allison Williams Has Two Major Bones To Pick With 'The Bachelor'
U5185,user_2,Tech,Alexa Can Remember Birthdays And Other Things For You Now
U4214,user_1,Entertainment,Jason Segel Settles The Greatest Debate Of Our Time
U9805,user_1,Entertainment,George Clooney And Amal Alamuddin's Vanity Fair Italy Cover Is Stunning
U1660,user_3,Entertainment,How Are Jennifer Lawrence's Oscar Chances?
U9951,user_3,Entertainment,Dwayne 'The Rock' Johnson Meets Very Special Young Fan On Set
U8420,user_2,Tech,This Underwater Airplane Flies Through The Ocean Unlike Any Submarine Before It
U8627,user_1,Entertainment,"When A Stormtrooper Comes Home, It Gets Real"
U8827,user_1,Entertainment,A Connecting Flight
U2727,user_1,Entertainment,'Eaten Alive' -- Bored to Death
U5170,user_3,Entertainment,Donald Trump Would Not Rip Up The Iran Deal
U7745,user_3,Entertainment,People Can't Get Over Hugh Jackman's Shocked Face After His Golden Globes Loss
U8199,user_1,Entertainment,These Moving Street Art GIFs Are Everything We Ever Wanted... In A GIF
U7520,user_2,Tech,Which Game Should Have Won 'Game Of The Year'? (POLLS)
U7033,user_1,Entertainment,Tyga Instagrams His Love For Kylie Jenner
U7734,user_1,Entertainment,The True Cost Of Printing In Comic Sans Is As Horrifying As You'd Imagine
U7715,user_1,Entertainment,The Guardians Of The Galaxy Will Be In 'Avengers: Infinity Wars'
U3316,user_2,Tech,Innovations in Science: Passing the 'Turing Test'
U7720,user_2,Tech,Hackers Could Tap Into 'Smart' Baby Monitors With Ease: Researchers
U5831,user_1,Entertainment,Katie Holmes Cast In 'Fifty Shades Of Grey' Movie?
U8637,user_2,Tech,Uber Now Valued At Almost $51 Billion: WSJ
U1466,user_2,Tech,Web Display Ad World's Woes Reflected In Microsoft's aQuantive Loss
U2045,user_2,Tech,Why Is Getting A Dell Refund Such A Dreadful Ordeal?
U4391,user_1,Entertainment,JoJo Is Back With A Perfect 'Tringle' Of Songs
U0642,user_2,Tech,Neutrino Experiment In China Shows Strange Particles Changing 'Flavors'
U0116,user_2,Tech,"Snail Shells Coil To Right 95 Percent Of The Time, New Study Shows"
U2218,user_1,Entertainment,'What Do You Mean' That Was Really Justin Bieber And Jimmy Fallon In Disguise?
U4959,user_2,Tech,Brain's Music Pleasure Zone Identified With Reward System Activity In New Study
U0837,user_2,Tech,Watch The Top 9 YouTube Videos Of The Week
U5978,user_3,Entertainment,SNL's Newt Gingrich Moon Colony Cold Open (VIDEO)
U3717,user_2,Tech,Watch The Top 9 YouTube Videos Of The Week
U0067,user_1,Entertainment,Fallon's Retro Halloween Video Teaches You How To Have Fun Safely
U8840,user_3,Entertainment,Manipulated Satellite Photos Reveal A Multicolored Universe Exploding With Geometry
U6585,user_3,Entertainment,New Yorkers Tell Jimmy Kimmel Their Most Disgusting Subway Stories
U0617,user_1,Entertainment,The Band and the Bandstand (Part 1)
U8668,user_1,Entertainment,What Does The Fox ACTUALLY Say: Ylvis Song Gets Real Fox Re-Mix (VIDEO)
U6992,user_1,Entertainment,"Jason Ritter Talks 'Gilmore Girls,' 'Us & Them' And 'Parenthood'"
U2422,user_2,Tech,LEGO Scientist Mini-Figure Portrays Woman In STEM Career (VIDEO)
U4950,user_2,Tech,"Creature Of Sea Monster Legends Washes Up Near Harbor, Then Vanishes"
U4276,user_2,Tech,Scientists Lobbying To Restore Pluto As A Planet
U4288,user_3,Entertainment,Joseph Gordon Levitt & 'Don Jon's Addiction': Actor's Latest Project Is Raunchy
U0482,user_3,Entertainment,"Trevor Noah Exposes Sean Spicer’s Dirty ‘DWTS’ Tactics, Challenges Him To Dance-Off"
U9625,user_1,Entertainment,Hillary Clinton Compares Trump Rallies To Cersei's Walk Of Shame
U6142,user_1,Entertainment,Miley Cyrus And Her Engagement Ring Had The Most Fun At The Knicks Game
U2254,user_3,Entertainment,Bruno Mars And Cardi B Kill It In A 'Finesse' Remix For The Ages
U3971,user_3,Entertainment,Tomi Lahren Mocked As Right-Wing Crisis Actor In ‘Daily Show’ Conspiracy Spoof
U5187,user_1,Entertainment,Kim Kardashian Wants You To See Her Without Makeup
U0589,user_2,Tech,"Too Much Homework Can Lower Test Scores, Researchers Say"
U5849,user_1,Entertainment,Alec And Hilaria Baldwin Are Expecting Baby No. 4
U3139,user_3,Entertainment,TLC Drops New Song Because The '90s Will Never Die
U5627,user_1,Entertainment,The Belonging
U7598,user_2,Tech,Does Being Neurotic Really Make You More Creative?
U7035,user_1,Entertainment,Sofia Coppola Learns What The Bechdel Test Is During An Interview
U1912,user_1,Entertainment,Emily Blunt Told To 'Leave Hollywood' By 'Fox And Friends' Hosts Who Don't Get Her Humor
U6718,user_3,Entertainment,CBS Asked Sharon Stone If She Ever Felt 'Uncomfortable' In Hollywood. She Just Laughed.
U6230,user_1,Entertainment,In God We Trust: Following Madoff's Money
U4541,user_2,Tech,How Mark Zuckerberg's Control Of Facebook Lets Him Print Money
U6619,user_2,Tech,Donald Trump Is Currently The Most Googled Presidential Candidate
U4783,user_3,Entertainment,The 5 Stages Of Grief For The TV Show You Just Finished Binge-Watching
U8866,user_3,Entertainment,How 'Loving' Tells The Quiet Story Of A Monumental Supreme Court Case About Interracial Marriage
U8052,user_3,Entertainment,Nolan & McConaughey Unveil Huge Comic-Con Surprise
U1693,user_2,Tech,"Facebook, Microsoft Pay Men And Women Equally -- But There's Still A Big Problem"
U6877,user_3,Entertainment,Bad Lip Reading Reveals What Was Really Said At The Royal Wedding
U0487,user_2,Tech,The Content Brief: What's Hot at SXSW?
U3601,user_2,Tech,Psychology’s Fears Confirmed: Rechecked Studies Don’t Hold Up
U7231,user_1,Entertainment,"The Bob Cesca Show Podcast: Comedian Jen Kirkman Talks About DACA, Trump And The 'Pee Pee Tape'"
U1396,user_1,Entertainment,Here's How Donald Trump Defended What He Said About John McCain
U4650,user_1,Entertainment,10 things you didn't know about The Vampire Diaries' Daniel Newman
U0320,user_3,Entertainment,Shhh...
U2173,user_1,Entertainment,A Three Million Mile Flyer Boards an Amtrak Train...
U0506,user_3,Entertainment,Celebs Reveal Trump's 'Alternative Constitution' In Funny Or Die Bit
U2775,user_3,Entertainment,What Happened When Shonda Rhimes Was Called An 'Angry Black Woman'
U7553,user_2,Tech,WATCH: The 9 Most Viral Ads That Have Aired During The Super Bowl
U5194,user_2,Tech,How To Keep Your Kids' Data Safe Online
U4755,user_2,Tech,"Tim Cook: If The FBI Gets What It Wants, It Will Threaten Public Safety"
U0077,user_3,Entertainment,20 Times You May Have Seen Patton Oswalt And Not Realized It
U6374,user_2,Tech,Teens Are Spending A Surprising Amount Of Time On Smartphones
U0913,user_3,Entertainment,Andrew W.K. Submits The Necessary Paperwork To Form 'The Party Party'
U8030,user_2,Tech,Endangered Green Sea Turtles Return To Florida In Record Numbers
U8021,user_3,Entertainment,This 'Pretty Little Liars' Theory About Charles Has Fans Fuming
U5186,user_2,Tech,How To Make Rush Hour Less Deadly And Terrible
U6044,user_3,Entertainment,Bette Midler Slams Piers Morgan Over His Meghan Markle Voting Criticism
U9981,user_3,Entertainment,"This Weekend's Blockbusters, 'Snatched' And 'King Arthur,' Are Already Off To A Bad Start"
U9868,user_2,Tech,How HP's Disastrous Deal Blows A Hole In Consulting
U2437,user_2,Tech,Watch The Top 9 YouTube Videos Of The Week
U6098,user_2,Tech,Now You Can Print Your Instagram Photos In Just 10 Seconds
U1093,user_2,Tech,4 Under-Represented Ways We Could Go Extinct
U1167,user_1,Entertainment,"And Now, The Buzziest Golden Globes Moments In GIFs"
U5962,user_1,Entertainment,"Dan Povenmire and Swampy Marsh's New Hope Is That They Get to Make More ""Phineas & Ferb Star Wars"" Specials for the Disney Channel"
U1939,user_3,Entertainment,'Vampire Diaries' Showrunner Teases Possibility Of Nina Dobrev's Return
U8916,user_3,Entertainment,Love Is the Law
U6681,user_1,Entertainment,Bill Maher Calls Out Rand Paul For Pandering To Republican Base
U6026,user_2,Tech,What You Need To Know About The Paris Climate Summit
U5741,user_2,Tech,Uber Offering $5 Rides In New York City
U6021,user_1,Entertainment,Any Man's Nightmare: Are An Ex-Wife And Ex-Girlfriend Plotting Against This Man?
U1146,user_1,Entertainment,"Father Of Teen Accused Of Killing And Violently Biting Couple: 'He's Always Been The Kindest, Caring Kid'"
U6011,user_1,Entertainment,Tacoma Little Theatre Presents a Vibrant Version of the Classic Cabaret
U3107,user_3,Entertainment,Beyonce's New Music Video Is Her Best Surprise Yet
U2401,user_1,Entertainment,You'll Want To Protect Your Leopard-Print Jeggings After Seeing This 'Zootopia' Clip
U6590,user_1,Entertainment,Scarlett Johansson's Dog Is A Trump Supporter On 'SNL'
U0026,user_3,Entertainment,Larry David Shows His Enthusiasm Reading Mean Tweets About Jimmy Kimmel
U2531,user_1,Entertainment,Walter White's Happiness
U1805,user_1,Entertainment,Coldplay Once Asked David Bowie To Collaborate … He Said No
U3307,user_3,Entertainment,Arnold Schwarzenegger Will Replace Donald Trump As Host Of 'Celebrity Apprentice'
U9896,user_3,Entertainment,These Are The Most Controversial Celebrity Halloween Costumes
U1571,user_2,Tech,Revisiting the 'Hormone of Love'
U2560,user_2,Tech,Steven Spielberg Bashes Virtual Reality At Cannes
U1390,user_1,Entertainment,'SNL' Takes On The NASA Shutdown In 'Gravity' Parody
U8846,user_1,Entertainment,Steve Jobs Movie 'Jobs' Gets Moved Off Its April 19 Release Date
U8175,user_1,Entertainment,This Is A Music Tattoo And It's As Wonderfully Wacky As It Sounds
U5581,user_3,Entertainment,Samantha Bee Spreads Her Own Conspiracy Theory About Donald Trump
U4368,user_2,Tech,Screen Rage Is the New Road Rage
U1823,user_3,Entertainment,"Music Lives, Live: Montreal Jazz Festival"
U1082,user_2,Tech,"Of Starfish, Stem Cells and $70 Million: How California Therapies May Reach Patients Quicker"
U9668,user_1,Entertainment,The Bounds of Independence
U5027,user_2,Tech,Neil DeGrasse Tyson Reveals How Schools Can Improve Their Science Teaching
U3736,user_1,Entertainment,Movie Review Series Just Seen It Begins Season 3 on PBS
U1960,user_1,Entertainment,'Avengers: Infinity War' Directors Reveal Who Died And Survived Off Screen
U9826,user_3,Entertainment,Kristen Wiig Showed Up At The Grammys To Perform Sia's 'Chandelier'
U1501,user_1,Entertainment,Baldwin's Trump Boasts On 'SNL' He's Running Country Like A Waffle House
U7771,user_2,Tech,Too Much to Do and What to Do About It
U5177,user_1,Entertainment,Jimmy Kimmel Fiendishly Shows How Pat Robertson Hates Halloween
U4144,user_3,Entertainment,YouTube Complaints Get The Send-Up They Deserve From Barely Political (VIDEO)
U8393,user_3,Entertainment,Here's How You Can Attend Carrie Fisher and Debbie Reynolds' Public Memorial Service
U4512,user_3,Entertainment,Kim Cattrall Shows Cynthia Nixon Some Love After Slamming Sarah Jessica Parker
U4245,user_1,Entertainment,Dwayne 'The Rock' Johnson Reveals Intense Superhero Look In 'Black Adam' Trailer
U2162,user_2,Tech,You Can Hire A Pokémon Go Trainer For $20 An Hour Because The World Is Good
U9631,user_3,Entertainment,Stephen Colbert Goes Off On Oxford Dictionaries' Word Of The Year
U5414,user_2,Tech,Prostate Adventures: Another Reason to Appreciate the California Stem Cell Program
U3082,user_1,Entertainment,How To Get More Followers While Live-Tweeting The Golden Globes
U5309,user_3,Entertainment,Jessica Simpson Goes Braless In Sexy Little Black Dress For Date Night In NYC
U2309,user_1,Entertainment,John Legend Is Concerned For Kanye West After Hospitalization
U2661,user_2,Tech,Why the Aliens Want Earth
U1105,user_3,Entertainment,Donald Trump Almost Played The President In 'Sharknado'
U8072,user_1,Entertainment,International Touring
U7533,user_1,Entertainment,Alan Thicke's Wife Says She Feels 'Gut-Wrenching Sadness' After His Death
U1808,user_1,Entertainment,Miley Cyrus' Bangerz Tour Is Coming To Your Living Room Tonight
U3418,user_3,Entertainment,Ariana Grande's Doughnut-Licking Video Investigated By Police
U3175,user_3,Entertainment,'Expendables 2' Tops Box Office Again As Anti-Obama Documentary Slides To No. 8
U6005,user_3,Entertainment,Will Smith Starring In ‘The Matrix’ Will Totally Melt Your Mind
U5906,user_3,Entertainment,Rage Against The Machine & Paul Ryan: Bassist Calls Politician Stupid
U6621,user_1,Entertainment,The Trump Monster from the GOP's Id
U3052,user_1,Entertainment,Celebrities Remember Garry Marshall With Touching Tributes On Social Media
U5919,user_3,Entertainment,26 Of The Funniest Tweets About Cats And Dogs This Week (Dec. 25-31)
U3758,user_1,Entertainment,"Gwyneth Paltrow Opens Up On Chris Martin Split, Says She 'Hit A Wall'"
U8628,user_3,Entertainment,T.J. Miller's Dad Told Him That 'Silicon Valley' Was Starting To Suck
U5958,user_2,Tech,New 'Star Wars: Battlefront' Trailer Lands -- And It's Slicker Than A Greased-Up 3PO
U9610,user_2,Tech,How Retailers Use Psychology To Dupe You Into Buying More Stuff
U6155,user_3,Entertainment,What's Leaving Netflix In January 2017?
U1121,user_2,Tech,'Pray For Me': Pope Francis Joins Instagram
U2994,user_3,Entertainment,Dave Chappelle Roasts Himself In Surprise ‘Tonight Show’ Appearance
U7170,user_3,Entertainment,Sure Looks Like Grand Moff Tarkin Is Going To Be In 'Rogue One'
U3727,user_1,Entertainment,15 Masterpieces That Make Barcelona Feel Like One Big Modern Art Museum
U2606,user_3,Entertainment,LeAnn Rimes' 'Gasoline And Matches' Video Shot Entirely On iPhone
U6430,user_2,Tech,WATCH: Massive Flare Triggers Blackout
U6059,user_2,Tech,The Latest Hypocrisy in SVP Expert Testimony
U4802,user_3,Entertainment,Let Jennifer Aniston & David Oyelowo Show You How To Handle A Snub With Grace
U6540,user_2,Tech,"Google, Facebook See No Significant Impact On Business From NSA Revelations"
U5528,user_1,Entertainment,"'Iron Man 3' Footage: Comic-Con Crowd Treated To Impressive Clips, Joking Robert Downey Jr."
U1250,user_3,Entertainment,Ally Brooke Hernandez Drops Hints About Fifth Harmony's New Album
U8599,user_3,Entertainment,Jim Carrey's Submission For Donald Trump's Official Portrait Cannot Be Unseen
U6666,user_1,Entertainment,Slut Shaming is Still a Thing: How Women Are Shifting the Conversation Through the Arts
U3325,user_1,Entertainment,You Might Like 'Drunk Donald Trump' More Than The Sober One
U6227,user_2,Tech,Pretty Much Every Living Thing Is Already Feeling The Effects Of Climate Change
U4374,user_2,Tech,4 Under-Represented Ways We Could Go Extinct
U8705,user_1,Entertainment,Here’s One Bizarre Way To Beat Your Impostor Syndrome
U0472,user_1,Entertainment,Bruno Mars And Mark Ronson Sued Over Alleged 'Uptown Funk' Rip
U4151,user_1,Entertainment,'Birdman' May Have Just Locked Up Best Picture
U8570,user_3,Entertainment,Disney's Classic Animal Characters Would Make Pretty Adorable Humans
U2788,user_1,Entertainment,We Finally Know Why The Scavengers Speak So Strangely On 'Walking Dead'
U4514,user_1,Entertainment,Robert Downey Jr.'s Baby Is Crazy Adorable
U9081,user_1,Entertainment,"Drake Shoots Hoops, Becomes Jimmy From 'Degrassi' Again"
U9450,user_2,Tech,Alan Turing Google Logo Honors Genius' 100th Birthday With Mind-Bending Puzzle Game
U9883,user_3,Entertainment,Russian Nesting Dolls
U5745,user_1,Entertainment,"Gosling, Guns, and Gangsters"
U3654,user_3,Entertainment,'MasterChef Junior' Kids Cry Through Terrifying 'Hell's Kitchen' Overdub
U5561,user_2,Tech,U.S. Bans Samsung Galaxy Note 7 Phones From Airplanes
U4785,user_2,Tech,"Online Privacy Fears Stoked By Google, Twitter, Facebook Data Collection Arms Race"
U2158,user_2,Tech,3 Americans Win Nobel Prize For Biological Clock Research
U5374,user_1,Entertainment,"The Dazzling, Multicolored, Customized Trucks Of India"
U2636,user_1,Entertainment,SNL's Cathy Anne Tells The South What They Can Really Be Proud Of
U3708,user_2,Tech,Feds Scrap Grand Vision To Expand Marine Sanctuary In Hawaii
U1350,user_1,Entertainment,Jessica Simpson And Her Family Debut New Belk Collection
U5818,user_1,Entertainment,'Jesus Christ Uberstar' Is Your Car Service Salvation
U9033,user_2,Tech,The Beautiful Things Music Does To Your Brain
U0337,user_1,Entertainment,"'Snow White And The Huntsman' Wins The Box Office, Passes 'Men In Black 3' With $56.3 Million"
U4019,user_2,Tech,'Evolution Right Now Is in the Marketplace'
U3830,user_2,Tech,Copyright Alert System: How ISPs Will 'Break Your Internet' If They Catch You Pirating
U6222,user_1,Entertainment,Someone Made A Trump-Putin Facebook Friend Anniversary Video
U4549,user_1,Entertainment,Victor Levin Rallies for Romance With 5 to 7
U3912,user_1,Entertainment,First Nighter: Ronald Keaton Makes an Imposing 'Churchill'
U3890,user_2,Tech,Former Reddit CEO Ellen Pao: The Trolls Are Winning
U2158,user_2,Tech,Women Scientists' Academic-Hiring Advantage Is Unwelcome News for Some: Part 3
U6865,user_3,Entertainment,Justin Timberlake Shares Adorable Photo Of Baby Silas On 'Tonight Show'
U2282,user_3,Entertainment,"Apparently, Taylor Swift Has No Time For Boys"
U3275,user_3,Entertainment,"Kanye West, 'Lost In The World' Video: Rapper Teams Up With Filmmaker Ruth Hogben (VIDEO)"
U5275,user_1,Entertainment,"Miley Cyrus' Audition Tape For 'Hannah Montana' Resurfaces, And It's Precious"
U0008,user_3,Entertainment,Seth Meyers To Host 2018 Golden Globe Awards
U0637,user_2,Tech,Sony Is Killing Its Quirkiest PlayStation Games
U7697,user_1,Entertainment,Alec Baldwin Trolls Donald Trump With Russian-Language MAGA Cap
U0884,user_2,Tech,Innovations in Science: Passing the 'Turing Test'
U1149,user_2,Tech,Scientists Raise Alarm Over Truth-Averse Trump Administration
U7068,user_1,Entertainment,Beyoncé Addresses Elevator Incident In 'Flawless' Remix Ft. Nicki Minaj
U7385,user_2,Tech,The Guardian's Chief Digital Officer on Going 'Digital-First'
U2384,user_2,Tech,Mystery Of 'Britain's Oldest Brain' Finally Solved
U6416,user_1,Entertainment,Spike Lee Calls For Greater Diversity In Hollywood In Powerful Speech
U3141,user_3,Entertainment,"Carrie Fisher 1956-2016: Good Night, Sweet Princess"
U1629,user_1,Entertainment,Confessions of a Red Carpet Reporter
U0444,user_2,Tech,'Rosetta' Comet Mission Makes History
U5386,user_1,Entertainment,Ciara Talks 'Life Of A Pregnant Woman' During Coronavirus Pandemic
U2999,user_1,Entertainment,A Valentine Homage To O'Keeffe And Stieglitz
U8323,user_3,Entertainment,"Merry Christmas, Losers! Baldwin's Trump Boasts 'Greatest Year' On The Planet On 'SNL'"
U2302,user_1,Entertainment,"Indiana Jones Could Be Played By A Woman, Steven Spielberg Says"
U8097,user_3,Entertainment,"Selma Blair Opens Up About Plane Outburst, Calls It 'A Total Psychotic Blackout'"
U0896,user_2,Tech,Microsoft Is Donating $1 Billion In Cloud Services To Nonprofits And Researchers
U3777,user_1,Entertainment,Changing Tires On Two Wheels (VIDEO)
U3866,user_2,Tech,Real-Life 'Iron Man' Suit? Prototype Would Allow Thrill-Seekers To Skydive From Space (PHOTOS)
U8442,user_3,Entertainment,Iggy Azaela Has A Big Onstage Oops
U8869,user_1,Entertainment,Why This 62-Year-Old Guy Has Seen Wonder Woman Eight Times And Cried Each Time
U8952,user_2,Tech,Behold The Self-Pushing Stroller. What Could Go Wrong?
U1277,user_1,Entertainment,You Have No Idea What The Life Of A Physical Comedian Is Like
U5589,user_3,Entertainment,'The Walking Dead' Secretly Brought Back Its First Ever Zombie In Season 8 Premiere
U0528,user_1,Entertainment,The Smithereens Lead Singer Pat DiNizio Dead At 62
U8039,user_1,Entertainment,Stephen Colbert Skewers Donald Trump's Defense Secretary Pick
U9726,user_2,Tech,10 Surprising New Twitter Stats to Help You Reach More Followers
U3502,user_3,Entertainment,Stephen Colbert Gets Women From 1776 To React To The First Female Presidential Nominee
U3026,user_3,Entertainment,Stephen Colbert Hits Brett Kavanaugh With The 2 Words That Could Haunt Him Forever
U6503,user_2,Tech,"Fish 'Ornament' Tricks Females For Sex, Corynopoma Riisei Study Shows"
U3013,user_3,Entertainment,Female Musicians Are Taking The Veil
U4568,user_2,Tech,Scosche boomBOTTLE Review
U6943,user_1,Entertainment,Celebrities Honor Their Moms On Mother's Day With Sweet Social Media Posts
U5356,user_1,Entertainment,Jimmy Kimmel Saddles Sen. Ted Cruz With Chilling Halloween Nicknames
U0820,user_1,Entertainment,Stephen Colbert Does A Stellar Impression Of Donald Trump Firing Rex Tillerson
U6531,user_2,Tech,Will NASA's New Squishy 'Super Ball Bot' Be Next To 'Dance' On Saturn's Moon? (VIDEO)
U8679,user_3,Entertainment,"Mining the Audio Motherlode, Volume 204 -- Great Free Music Online"
U9147,user_3,Entertainment,The Voice's Audra McLaughlin: 12 Things You Need to Know
U6019,user_3,Entertainment,Dr. John and Soul Fire for the Gulf
U9241,user_3,Entertainment,Leah Remini Blames Scientology For Children's 'Extremely Inflated' Egos
U8856,user_1,Entertainment,Thursday On 'Dr. Phil': A Military Cop's Confession To His Family: 'I Want To Be A Woman'
U7610,user_1,Entertainment,'Warm Bodies' Leads The Weekend Box Office With $8.7 Million Friday
U0576,user_1,Entertainment,"Carrie Preston Talks True Blood, Female Directors and Shooting Sex Scenes"
U9409,user_3,Entertainment,"Career Suicide: A One Man, One Act Comedic Journey Into Despair"
U6431,user_3,Entertainment,These 'GoT' Character Impressions Are Scarily Good
U8002,user_1,Entertainment,Setting the Stage: What to See at Art Stage Singapore 2015
U2461,user_2,Tech,Beer-Tapping Physics: A Scientific Explanation Behind Fun Bar Trick (VIDEO)
U9662,user_3,Entertainment,Sofia Vergara 'SNL' Monologue: Actress Pokes Fun At Accent (VIDEO)
U3582,user_1,Entertainment,Amber Heard Follows Through On Promise To Donate Johnny Depp Divorce Settlement
U1284,user_2,Tech,"Long Distance Relationships May Benefit From 'Hug Shirts,' Other Technologies"
U4647,user_2,Tech,The Air That May Make You Fat
U1598,user_3,Entertainment,Celine Dion Cancels 21 Shows Due To 'Severe' Muscle Spasms
U7779,user_3,Entertainment,Politicians Who Look Like Comic Book Supervillains
U1593,user_3,Entertainment,Photographer Sends His Kids Back In Time With These Moving Vintage Photos
U3299,user_3,Entertainment,George R.R. Martin Wants You To Stop Whining About 'Game Of Thrones'
U6858,user_1,Entertainment,34 Of The Funniest Tweets About Cats And Dogs This Week (Dec. 19-25)
U8831,user_1,Entertainment,Ben Affleck's 10-Year-Old Son Drives Lamborghini Rental Into Parked Car
U6871,user_3,Entertainment,Accio Trailer! The 'Harry Potter' Mobile Game Of Your Dreams Is Here
U4658,user_3,Entertainment,Watch 30 Years Of Disney Magic In 3 Minutes
U8819,user_3,Entertainment,"""Age Shall Not Weary Them"" - Shakespeare and Memorial Day"
U6636,user_3,Entertainment,Michael Caine Makes Rachel Weisz Cry In Exclusive 'Youth' Clip
U4941,user_2,Tech,HyperCard: The Original Bridge Over the Digital Divide
U9466,user_1,Entertainment,Carrie Fisher's BFF Dog Has A Perfectly Adorable Cameo In 'Star Wars: The Last Jedi'
U0718,user_3,Entertainment,"Yes, Ashanti Is Still Here And Ready For You To ‘Say Less’"
U5697,user_2,Tech,Stephen Hawking Finished Mind-Bending Parallel Universe Paper Days Before His Death
U2023,user_3,Entertainment,Oscar Producers: Seth MacFarlane Boob Song Was 'Satire'
U0044,user_1,Entertainment,'Empire' Showrunner Says It's 'Too Early' To Fire Jussie Smollett Amid Scandal
U8154,user_2,Tech,5 Ways Modern Science Is Embracing Ancient Indian Wisdom
U3184,user_3,Entertainment,Shannen Doherty Reveals That Her Cancer Has Spread
U3635,user_1,Entertainment,Tim Tebow Channels Rocky Balboa On This Week's 'Lip Sync Battle'
U6974,user_3,Entertainment,'Orange Is The New Black' Beats 'Modern Family' At PGA Awards
U5585,user_3,Entertainment,Chrissy Teigen Roasts John Legend Over That 'La La Land' Oscar Loss
U9325,user_2,Tech,This Is What Inspired Elon Musk To Get Into The Modern Space Race
U0440,user_1,Entertainment,It's A Mini 'Dawson's Creek' Reunion!
U1316,user_3,Entertainment,Dolly Parton On Miley Cyrus: 'She's Just Trying To Find Her Own Place And Wings And Learn To Fly'
U2429,user_3,Entertainment,'Family Feud' Was Out Of Control In Steve Harvey's 'Tonight Show' Return
U3893,user_1,Entertainment,Bryan Cranston Looks Identical To LBJ In First Photo From HBO's 'All The Way'
U2367,user_2,Tech,GoPro Stock Tanks After Bleak Revenue Prediction
U2294,user_2,Tech,Dead Satellite Envisat May Be Space Junk for 150 Years
U3157,user_2,Tech,"Gene Cernan, Last Man To Walk On The Moon, Has Died"
U6378,user_3,Entertainment,Matisse's Cut-Outs at MoMA and on Film/ Picasso and the Camera at the Gagosian
U1883,user_1,Entertainment,Danish Artist Makes Off With Pile Of Cash Intended To Be Art
U4845,user_1,Entertainment,Bawling for Bowling
U6068,user_2,Tech,This Video Shows Exactly How Much Sugar Could Kill You
U6705,user_2,Tech,Alan Alda's Flame Challenge and Kids' Five Most Popular Science Questions
U3503,user_1,Entertainment,Eric Trump Gets Ravaged On Twitter After His Proud 'Jeopardy!' Moment
U5182,user_2,Tech,Mummy Myths Debunked By New Study Of Ancient Egyptian Embalming Practices
U8589,user_2,Tech,Was DNA Pioneer Rosalind Franklin Robbed Of Nobel Prize?
U4892,user_1,Entertainment,Exclusive: Father Acquitted Of Murdering The Drunk Driver Who Killed His Sons Breaks His Silence
U7522,user_1,Entertainment,Shaquille O'Neal Sings 'Purple Rain' With Hair On The Set Of 'Grown Ups 2'
U1886,user_2,Tech,Luis P. Villarreal:  We Need a Nonlinear Language for Life
U8588,user_2,Tech,Spilled Orange Juice on My Way to a Math Conference in Spain
U0262,user_3,Entertainment,A Portrait Of Millennial Artist Nguyễn Chi
U7449,user_1,Entertainment,Miley Cyrus Selling Family Home for $5.995 Million
U5583,user_1,Entertainment,John Legend Shares His Own Adorable Photo Of Baby Daughter Luna
U9685,user_1,Entertainment,Mike Birbiglia's Sleepwalk With Me Reveals the Restless Heart of Comedy
U0920,user_3,Entertainment,"2 Chainz Releases 'I Luv Dem Strippers' Video, Featuring Nicki Minaj"
U0059,user_2,Tech,The Hall of Shame -- Who Is Failing the Severely Ill?
U5311,user_3,Entertainment,Destination Wedding Disaster - Bad Love Stories
U1047,user_2,Tech,12 Favorite Science Stories Of 2014
U9839,user_3,Entertainment,Blue Ivy Is A Dancing Cutie In Beyoncé's Latest Instagram Video
U3504,user_3,Entertainment,J.K. Rowling's New Stories Prove The Wizarding World Is 'Larger Than You Imagined'
U8839,user_3,Entertainment,Dwayne Johnson Surprised A Boat Full Of Tourists At Disney World
U1780,user_1,Entertainment,Taraji P. Henson Thinks 'The World Needed To Hear' Viola Davis' Speech
U5206,user_3,Entertainment,"Ellen Found Some Seriously Strange Children's Toys, And We Can't Stop Laughing"
U2898,user_1,Entertainment,8 Suggestions for a Really Fascinating (!) Election Night
U1500,user_2,Tech,"43 Best Vines Of The Week, In One Video: Aug. 25th - Aug. 31st, 2013"
U0328,user_1,Entertainment,Why The Lost 'Seinfeld' Episode Never Aired
U4982,user_1,Entertainment,"This Weekend, Go To The Movies"
U3974,user_2,Tech,Apes May Be Much Closer To Human Speech Than We Realized
U1690,user_1,Entertainment,Donald Trump's Prison Reform Ideas Look Real Suspicious To Seth Meyers
U1514,user_1,Entertainment,Black Friday Sale on White House Officials A 'Yuge' Success
U5895,user_3,Entertainment,Kim Kardashian Wants 'Everyone To Be As Honest As Kanye'
U1170,user_1,Entertainment,Harvey Weinstein Facing Criminal Charges For Alleged 1996 Assault In London
U9673,user_1,Entertainment,How a New York City Rock Kid Fell for George Jones and Tammy Wynette
U1275,user_3,Entertainment,The Highs And Lows Of Trevor Noah's 'Daily Show' Debut
U9116,user_2,Tech,How 3D Printing Could End The Deadly Shortage Of Donor Organs
U7944,user_3,Entertainment,Ellen DeGeneres To Host A New Primetime Game Show
U9925,user_2,Tech,"2013 Comets: Astronomers Prepare For Comet ISON, Pan-STARRS In 'Year Of Comets'"
U4704,user_2,Tech,Kindle eBook Refunds: Amazon Says Users Are Entitled To Their Money Back
U7782,user_1,Entertainment,Mel B Gets 'Revenge' By Stabbing Simon Cowell In 'AGT' Act
U4394,user_2,Tech,"Hopper And Aereo, Threats To Traditional TV, Can't Be Stopped In Court"
U6142,user_3,Entertainment,Watch Robb Stark As Prince Charming In This First 'Cinderella' Clip
U3876,user_1,Entertainment,Kate McKinnon Breaks Out Another Impression Of Rudy Giuliani
U9235,user_1,Entertainment,"Just Kidding, 'American Idol' Might Not Be Gone After All"
U2830,user_3,Entertainment,The 13 Best TV Shows of 2013
U5459,user_3,Entertainment,'SNL': Seth Meyers & Amy Poehler Ask IRS 'Really?!' (VIDEO)
U7386,user_3,Entertainment,"Andrew Lloyd Webber Told A Weird Story About How He Almost Discovered Rihanna, But Didn't"
U4879,user_2,Tech,"Spectre 1, iMac Look Eerily Similar: HP's New All-In-One Takes A Few Cues Too Many From Apple? (PHOTOS)"
U0554,user_1,Entertainment,Man Says He Lived In His Car For Days To Get Away From ‘Nagging’ Wife
U5658,user_1,Entertainment,Kim Kardashian Is Wearing A Grill Again To Bling In The New Year
U9218,user_1,Entertainment,Kathleen Turner Calls Burt Reynolds The Worst Kisser
U0508,user_1,Entertainment,AMANZA--Ep.10
U4780,user_1,Entertainment,Kim K Shares Photos From North's Baptism In Jerusalem
U7038,user_2,Tech,Samsung Takes on iPhone for Photo Superiority
U8511,user_3,Entertainment,21 Of The Funniest Tweets About Cats And Dogs This Week (Jan. 15-21)
U4184,user_1,Entertainment,Judd Apatow Reveals Paul Rudd's Nearly Nude Prank From 'Anchorman'
U3935,user_1,Entertainment,India Arie Remembers Maya Angelou And Talks About The Pitfalls of Stardom
U0007,user_1,Entertainment,23 Blast Is Based On an Amazing True Story
U2662,user_3,Entertainment,These 21st Century Harem Portraits Break All The Rules
U5130,user_3,Entertainment,"Rest Assured, 'Jeopardy!' And 'Wheel Of Fortune' Are Renewed Through 2020"
U9085,user_1,Entertainment,Jennifer Garner Hilariously Responds To That Oscars Meme
U4302,user_3,Entertainment,One Huge Thing You Didn't Notice About That Jon Snow Sighting
U8499,user_2,Tech,Naming the Nobels: Predicting the World's Most Prestigious Prizes in Science
U8007,user_2,Tech,Apple CEO Tim Cook: 'Accessibility Rights Are Human Rights'
U7041,user_2,Tech,How Pluto Got Its Giant Frozen Heart
U6313,user_3,Entertainment,'Star Wars 1313': Take A Sneak Peek At The New Game (PHOTO)
U7655,user_1,Entertainment,Stephen Colbert Finally Gets A Totally Not Edited One-On-One Interview With Donald Trump
U4828,user_1,Entertainment,Jennifer Garner On Sexual Misconduct In Hollywood: We Can't Assume Every Man Is Guilty
U2890,user_1,Entertainment,Matt Damon Responds To Ben Affleck’s Back Tattoo Like A True BFF
U6795,user_2,Tech,Instagram Restricted Sandra Bland Hashtag To Block Hate Speech
U2017,user_1,Entertainment,"Get Ready To Fall In Crazy, Stupid Love With NBC’s ‘This Is Us’"
U0042,user_3,Entertainment,Ryan Reynolds Spoofs Burt Reynolds In First 'Deadpool' Photo
U2887,user_2,Tech,"Royal Society Meeting to Discuss Evolution Paradigm Shift, What That Means for Science and for All"
U1791,user_2,Tech,Self-Driving Uber In Fatal Accident Had 6 Seconds To React Before Crash
U7186,user_3,Entertainment,"Meet Romaine Brooks, The 20th Century Woman Artist You've Never Heard Of"
U3211,user_2,Tech,New Radio-Astronomy Observatory in the Australian Outback
U8713,user_1,Entertainment,Serena Williams Explains Why Her Father Didn't Walk Her Down The Aisle
U9784,user_2,Tech,NASA's Moon Dust Spacecraft Beams New Lunar Photos To Earth
U4066,user_3,Entertainment,Jill Soloway Advocates For Trans Rights During Emmys Acceptance Speech
U3947,user_3,Entertainment,Victor Levin Rallies for Romance With 5 to 7
U5055,user_1,Entertainment,Turns Out That Carrie Fisher Wrote Some Of Her Best Lines In 'The Last Jedi'
U6936,user_3,Entertainment,"Chrissy Teigen Wears Lacy, Sheer Shirt Out For Night On The Town"
U3657,user_3,Entertainment,Preview One Of The Year's Best Movies With This 'Little Men' Clip
U6595,user_2,Tech,'Screaming Mummy' Mystery May Have Finally Been Solved
U9141,user_3,Entertainment,Netflix Actually Made The Dating App From Black Mirror's 'Hang The DJ' Episode
U8209,user_3,Entertainment,Scream 'Yaaas' Like Lee Daniels Over Porsha's 'Empire' Audition Story
U6494,user_1,Entertainment,Why Pat Boone Believes He Helped Black Artists by Covering Their Songs
U7930,user_2,Tech,Study Finds Cosmic Rays Increased Heart Risks Among Apollo Astronauts
U6524,user_2,Tech,Facebook Releases New Tools To Combat Revenge Porn
U9598,user_1,Entertainment,Comedian Ken Jeong Rescues Audience Member Suffering From A Seizure
U3862,user_1,Entertainment,James Corden Reveals The Worst Part Of The Royal Wedding Ceremony
U8778,user_2,Tech,Atlantic Gray Whale Fossil Found Off Georgia Coast
U8993,user_3,Entertainment,"The Positive Impact Of Vaccines, In One Stunning History-Soaked Photo"
U5653,user_3,Entertainment,"Mining the Audio Motherlode, Volume 205 -- Great Free Music Online"
U7419,user_1,Entertainment,NFL Player Jon Dorenbos Wows 'America's Got Talent' Judges With Insane Magic Trick
U9683,user_3,Entertainment,J.J. Abrams Keeps Us Scratching Our Heads About Rey's Parents In 'Star Wars'
U8766,user_1,Entertainment,This Breathtaking Short Film Shows What Awaits Humanity Outside Earth
U7098,user_3,Entertainment,PBS CEO Paula Kerger Will Be 'Vigilant' Against Donald Trump’s Budget Proposal
U2971,user_3,Entertainment,Carey Mulligan Speaks Out About Jennifer Lawrence's Wage Inequality Essay
U0719,user_2,Tech,Netflix Makes A Deal With Comcast To End Traffic Jam
U4857,user_1,Entertainment,Musicians Sing 'Tears In Heaven' In Grammy Tribute To Las Vegas Shooting Victims
U1469,user_2,Tech,The Computer's Next Conquest: Crosswords
U0444,user_2,Tech,Walmart Is Launching Its Own Mobile Payment System
U5717,user_2,Tech,"Artificial Intelligence Is Here To Help Us, Microsoft Boss Jean-Philippe Courtois Says"
U1879,user_2,Tech,Apple Just Solved One Of The iPhone's Most Harmful Features
U8091,user_2,Tech,"iPhone 5 vs. Galaxy S3, Apple Television By Christmas: This Week In Apple Rumors"
U7344,user_1,Entertainment,"These Musicians Don't Know Each Other, But Their Song Is Incredible"
U6270,user_2,Tech,Brain's Music Pleasure Zone Identified With Reward System Activity In New Study
U0374,user_3,Entertainment,Jason Momoa's 'GoT' Audition Tape Is Better Than You'd Imagine
U8624,user_1,Entertainment,Weekend Box Office: 'Jack The Giant Slayer' Leads Friday
U3513,user_2,Tech,Your Smartphone May Be Tracking Your Every Move
U8916,user_1,Entertainment,Comedian Just Needs To Know How Racist McDonald's Wants Its Voice-Overs To Be
U3777,user_3,Entertainment,Michelle Rodriguez Clarifies Controversial Remarks About Diversity In Superhero Movies
U9354,user_2,Tech,Polar Bear Cub Sleeps And Dreams With Cuddly Toy In Adorable Clip
U3657,user_1,Entertainment,ABC Family May Have Dropped A Huge 'Pretty Little Liars' Spoiler About Lesli Stone
U1988,user_1,Entertainment,Why It Would Actually Make Sense For Shailene Woodley To Be In The 'O.C.' Musical
U9056,user_2,Tech,Elon Musk's SpaceX Has Company In The Race To Mars
U6660,user_1,Entertainment,"No, Really, A Teenage Boy Stuffing Animal Carcasses Was Totally OK Back Then"
U1897,user_1,Entertainment,"Sam Raimi, 'Spider-Man' Director, On Watching 'The Amazing Spider-Man': 'I Haven't Had The Guts'"
U9391,user_1,Entertainment,Trump Declared Himself Mentally Stable And Stephen Colbert Isn’t Having It
U4224,user_3,Entertainment,Taylor Swift Ate Her Hair On 'SNL 40'
U6532,user_1,Entertainment,"Hillary Lost The Election, But Kate McKinnon Won An Emmy For Playing Her"
U2882,user_2,Tech,Why Do Southern Drawls Sound Uneducated To Some? Study Suggests Media Exposure Plays Role
U0464,user_2,Tech,TiVo Shares Get Big Discount As Digital Video Recorder Pioneer Struggles To Fight Competition: Report
U1105,user_3,Entertainment,'Adventure Time' Is Being Turned Into A Movie! Oh My Glob!
U7451,user_3,Entertainment,Fake Melania Trump Offers Hilarious Defense Of RNC Speech On 'Late Show With Stephen Colbert'
U6689,user_2,Tech,AT&T Upgrade Fee To Double On February 12
U2877,user_3,Entertainment,What The Benghazi Hearings Would Look Like If Bill Clinton Were Testifying
U3183,user_1,Entertainment,College Humor: Hostess Closes Down (VIDEO)
U5229,user_1,Entertainment,The Photographic Eye of Sarah Kaufman
U8951,user_1,Entertainment,Taylor Swift And Tom Hiddleston Pack On The PDA At Star-Studded July Fourth Beach Bash
U3269,user_2,Tech,8 Things We've Learned About Happiness In The Past Decade
U8056,user_3,Entertainment,"This Year's 6 Best Sundance Movies, Plus A Few Performances We'll Be Talking About"
U5952,user_2,Tech,SpaceX Rocket Blasts Off Carrying NASA's New Planet-Hunting Telescope
U6007,user_2,Tech,Thousands Of Snowballs Appear On A Siberian Beach
U2517,user_2,Tech,What A Clash Between Press And Mizzou Protestors Can Teach Us
U2387,user_3,Entertainment,Emma Watson 'Can't Wait' To See Noma Dumezweni Play Hermione
U8390,user_2,Tech,Your Face Wash Is Killing Oysters
U8235,user_1,Entertainment,Watch Maroon 5's 'SNL' Performance
U3996,user_2,Tech,The Idea and Itinerary
U6295,user_2,Tech,Prolific Planet Hunter Gets New Mission
U7133,user_1,Entertainment,Tonya Harding Almost Ends Interview After Piers Morgan Says She's Not A Victim
U2459,user_3,Entertainment,'The Patriot' Actress Skye McCole Bartusiak Dead At 21
U5416,user_3,Entertainment,The Red-Band Trailer For 'The Interview' Is Funnier Than Most Movies
U2476,user_1,Entertainment,Here's The Teaser For John Malkovich's Internet-Themed Super Bowl Ad
U7665,user_3,Entertainment,Jim Carrey’s Scathing Portrait Of Trump As The Joker Will Give You Nightmares
U1236,user_3,Entertainment,Jay Z Reminds Us Tidal Is Still A Thing By Pulling Music From Spotify
U8535,user_3,Entertainment,Ariana Grande Will Not Be Charged In Donut-Licking Incident
U4928,user_1,Entertainment,Happy Birthday Richard Pryor: 25 Reasons To Love The Legendary Comedian
U3305,user_2,Tech,Asteroid 2012 EG5 Gives Earth Close Shave On April Fools' Day
U8987,user_2,Tech,A Workplace-Safe Version Of Facebook Is Coming Soon
U2815,user_1,Entertainment,The Little Modern Theatre: A Brief Oral History
U6418,user_3,Entertainment,If Donald Trump's Staff Were Spokespeople For Other Historic Events
U8121,user_3,Entertainment,"When Adele Releases A New Song, People Die ... Emotionally Inside"
U5263,user_1,Entertainment,David Cross Proves Yet Again That He’s Terrible At Apologizing
U8831,user_3,Entertainment,Steve Martin Has A Musical Meltdown Before 'The Tonight Show'
U1493,user_2,Tech,"Chinese Space Station, Adrift For Years, Plummets To Earth"
U2455,user_3,Entertainment,Seth Meyers Mocks Donald Trump's Movie Plot-Style Train Of Thought
U0714,user_3,Entertainment,Scandal Derails Hillary's Presidential Bid
U6681,user_1,Entertainment,Edward Snowden Assesses Technology's Role In Our Lives: 'It's Only Getting Better'
U8028,user_1,Entertainment,Our First Year: Opening a Gallery
U7204,user_2,Tech,"Internet Access Still Limited For Low-Income, Uneducated Americans"
U7097,user_2,Tech,"Lee Chong Wei, Malaysian Badminton Player, Wants Fans To Facebook Him To Get Wedding Invites"
U3014,user_1,Entertainment,Chrissy Teigen Explains Her Snapchat Decision And Why She Feels For The Beyoncé Biter
U4362,user_2,Tech,Scientists Discover Bizarre Feathered Dino
U2198,user_1,Entertainment,'Better Call Saul' Finally Gets A Cast And Two New Photos
U0814,user_3,Entertainment,'Get Out' And 'Call Me By Your Name' Just Got Huge Boosts In The Oscar Race
U8472,user_3,Entertainment,Drake Drives Miami Schools Wild With Video Shoot For 'God's Plan'
U1576,user_1,Entertainment,Cardi B And Offset Welcome Second Child In Sweet Photo
U9541,user_1,Entertainment,Kesha Thanks Fans 'A Million Times Over' In First Public Statement
U1640,user_2,Tech,"Smartphones May Actually Be Killing TV, New Nielsen Data Shows"
U1555,user_1,Entertainment,"Radiohead At Coachella: Band Performs Hits 'Karma Police,' 'Give Up The Ghost' At Music Festival (VIDEO)"
U7556,user_3,Entertainment,Tracy Morgan Brings Brian Fellow Back For Hilarious 'SNL' Sketch
U4202,user_1,Entertainment,Nickelodeon Cuts Ties With 'iCarly' Creator Dan Schneider After Alleged Abusive Behavior
U4569,user_3,Entertainment,Ali Wong Is Coming Out With Another Netflix Special And We Need To Lie Down
U6748,user_2,Tech,Maybe Coin Tosses Aren't Entirely Random After All
U0428,user_1,Entertainment,Dwayne 'The Rock' Johnson Is Returning To 'WrestleMania'
U7330,user_1,Entertainment,"Hey, Taylor Swift, Caitlyn Jenner Got A Call From Kanye Too"
U2754,user_1,Entertainment,'Straight Outta Compton' Is a Stunning Surprise
U1777,user_3,Entertainment,"Art Digest: Leo Buys Art on Instagram, Tiny Paintings Hit it Big, and Picasso's Electrician is Found Guilty"
U2967,user_1,Entertainment,Conversation Piece: Art Event Makes Collecting Art Easy and Affordable
U2179,user_2,Tech,Google's AlphaGo AI Program Defeats One Of World's Best 'Go' Players
U6041,user_3,Entertainment,"These 6 Creepy, Abandoned Islands Are Definitely Not Suitable for Your Next Vacation"
U1606,user_2,Tech,Minecraft Launches A Virtual Reality Edition
U3426,user_1,Entertainment,J.K. Rowling Skewers Twitter Troll Who Body Shames Serena Williams
U5980,user_1,Entertainment,Britney And Her Boys Recreate Her 'Oops' Album Cover Photo
